id,notes
0,"[[1, 2, 5, 10], [1, 2, 4, 5, 6, 8, 9], [2, 3, 6, 7, 8, 11], [1, 6, 8], [4, 9, 11], [5, 6, 7, 8, 9, 10, 11], [2, 8, 10, 11], [1, 6, 10]]"
1,"[[2, 3, 5, 8], [1, 6, 9], [1, 3, 9, 11], [2, 3, 8, 9], [1, 2, 4, 5, 7, 10, 11], [1, 4, 5, 6, 9], [1, 2, 3, 6, 7, 9, 10], [2, 3, 4, 5, 7, 9, 11]]"
2,"[[2, 5, 6, 8, 9], [4, 6, 9, 10], [1, 2, 4, 7, 10], [2, 3, 4, 6, 8, 11], [2, 3, 5, 7, 9, 10, 11], [1, 2], [1, 2, 9], [1, 4, 5, 8, 10, 11]]"
3,"[[3, 5, 6, 7, 8, 10], [1, 2, 4, 5, 7, 10], [1, 2, 4, 5, 7, 10, 11], [1, 2, 3, 4, 6, 7, 9], [3, 4, 7, 9, 10], [2, 5, 8, 9, 10], [2, 4, 7, 8, 10], [1, 2, 3, 5]]"
4,"[[2, 4, 6, 8, 10], [3, 6, 9], [2, 3, 4, 6, 7, 8, 9], [1, 3, 8, 9, 10], [1, 3, 6, 7, 9, 10], [4, 6, 7, 9, 10, 11], [1, 2, 3, 5, 6, 8, 9, 10, 11], [1, 4, 5, 9, 10]]"
5,"[[1, 5, 6, 7, 8, 10], [1, 2, 3, 4, 6, 7, 8, 10, 11], [1, 2, 7, 8, 9, 11], [1, 2, 4, 5, 7, 9, 10, 11], [1, 2, 4, 7, 9, 10], [1, 2, 3, 4, 5, 6], [5, 6, 7, 9, 10, 11], [4, 6, 9, 10]]"
6,"[[2, 4, 11], [1, 3, 9, 10], [2, 3, 7, 9, 10], [1, 2, 3, 5, 6, 9, 10, 11], [2, 3, 4, 5, 7, 8, 9, 10, 11], [1, 2, 3, 4, 6, 7, 9, 10, 11], [1, 2, 3, 8, 10, 11], [1, 2, 3, 4, 5, 7, 9]]"
7,"[[5, 6, 7, 8, 11], [3, 8, 9, 10, 11], [1, 4, 5, 7], [2, 3, 7, 8, 9], [2, 3, 5, 10, 11], [1, 2, 4, 5, 7, 9], [3, 4, 6, 10, 11], [1, 2, 6, 7, 9]]"
8,"[[4, 7, 8, 10, 11], [3, 4, 5, 7, 8, 9], [1, 5, 6, 9, 11], [3, 4, 5, 7], [1, 4, 7, 8, 11], [1, 3, 4, 5, 6, 7, 10, 11], [3, 4, 5, 6, 7], [1, 3, 5, 6, 10]]"
9,"[[5, 6, 9, 10, 11], [1, 3, 4, 7, 10], [1, 5, 8, 10], [2, 4, 5, 6, 7, 8, 10], [1, 2, 3, 4, 5, 6, 8, 9, 11], [1, 4, 5, 6, 7, 9, 11], [3, 5, 6, 8, 10, 11], [1, 2, 4, 5, 7, 8, 11]]"
10,"[[4, 5, 7, 8, 9], [4, 7, 10], [1, 2, 3, 4, 7, 9, 10, 11], [1, 2, 3, 6, 7, 8, 9, 10], [3, 7, 11], [3, 4, 5, 10], [2, 4, 6, 8, 9, 11], [1, 5, 6, 9, 10]]"
11,"[[2, 3, 5, 6, 7, 9], [2, 3, 4, 6, 8, 9], [3, 6, 7, 11], [3, 5, 6, 7, 11], [1, 2, 3, 4, 5, 6, 7, 8, 9, 11], [1, 2, 3, 4, 7, 8, 10], [2, 3, 4, 6, 7, 9, 10, 11], [1, 4, 6, 9, 10, 11]]"
12,"[[1, 4, 6, 7, 8, 11], [1, 2, 5, 7, 9], [2, 5, 7, 8], [4, 7, 8, 10, 11], [5, 6, 7, 11], [2, 3, 4, 8, 11], [1, 4, 5, 8, 9, 10], [2, 3, 5, 9, 11]]"
13,"[[2, 4, 5, 6], [1, 2, 3, 4, 7, 8, 10, 11], [1, 2, 5, 7, 10, 11], [1, 4, 7, 8, 11], [2, 4, 5, 8, 10], [2, 5, 6, 10], [2, 3, 7, 8, 9, 10, 11], [1, 4, 5, 6, 8]]"
14,"[[1, 5, 6, 7], [4, 5, 9, 10], [1, 5, 6, 8, 9], [1, 2, 4, 6, 7, 8, 9, 10], [1, 2, 4, 5, 6, 8, 9], [1, 8, 9, 11], [1, 2, 3, 4, 6, 11], [1, 2, 3, 8, 9, 11]]"
15,"[[3, 8, 9, 10, 11], [1, 2, 5, 6, 8, 9, 10, 11], [1, 2, 4, 6, 7, 10], [2, 5, 8, 11], [1, 3, 4, 5, 6, 9, 11], [1, 3, 4, 8, 9, 10, 11], [1, 3, 8, 9], [1, 2, 3, 7, 8, 9, 10]]"
16,"[[2, 3, 4, 6, 8, 10], [6, 7, 8, 9, 10], [1, 5, 6, 11], [2, 8, 10], [3, 4, 5, 6, 7], [2, 4, 9, 10, 11], [3, 5, 8, 9], [1, 2, 3, 6, 7, 8, 10]]"
17,"[[1, 2, 4, 5, 8, 9, 11], [1, 4, 9, 10, 11], [2, 3, 7, 8, 10], [2, 5, 8, 9], [2, 3], [1, 2, 4, 7, 8, 9, 10], [1, 3, 4, 6, 7, 8], [2, 3, 4, 6, 9, 10]]"
18,"[[1, 2, 4, 5, 6, 8, 9], [1, 2, 5, 6, 8, 11], [3, 5, 6, 9, 11], [1, 2, 3, 5, 6, 9, 10, 11], [4, 6, 9, 11], [1, 6, 7, 8, 9, 10, 11], [2, 3, 4, 5, 6, 11], [3, 4, 6, 8, 9, 11]]"
19,"[[1, 6, 8, 10], [1, 3, 4, 5, 8, 10, 11], [3, 4, 7, 8, 9], [2, 4, 6, 7, 11], [6], [2, 7, 11], [1, 2, 3, 5, 6, 8, 11], [1, 2, 3, 4, 5, 6, 8, 9, 10, 11]]"
20,"[[1, 3, 4, 10, 11], [1, 2, 4, 5, 6, 7, 8, 9], [1, 2, 5, 9, 10], [5, 8, 9, 10], [5, 7, 8, 9], [2, 4, 8], [1, 2, 5, 6, 9, 10, 11], [1, 3, 7, 8, 11]]"
21,"[[4, 5, 7, 11], [1, 3, 5, 6, 7, 9], [5, 11], [2, 5, 6, 7, 8, 9, 11], [5, 7, 8], [1, 3, 4, 5, 7, 8, 11], [4, 6, 8, 9], [3, 7, 8, 10, 11]]"
22,"[[1, 3, 6, 8, 9, 10, 11], [1, 4, 7, 8, 11], [4, 5, 8, 10, 11], [1, 3, 5, 7], [1, 2, 4, 7, 10, 11], [3, 4, 5, 6, 9, 10, 11], [2, 5, 9, 10], [1, 4, 5, 10, 11]]"
23,"[[2, 4, 5, 8], [2, 6, 8], [1, 2, 4, 8, 9, 10], [2, 3, 4, 6, 8, 10, 11], [1, 2, 4, 6, 10], [2, 4, 5, 8, 11], [1, 3, 5, 6, 7, 8, 9], [2, 3, 4, 5, 7, 8]]"
24,"[[1, 2, 5, 6, 7, 9], [2, 5, 6, 9, 10], [1, 3, 5, 7, 11], [3, 4, 5, 6, 7, 10], [1, 3, 4, 5, 6, 9], [2, 3, 4, 6, 9, 10], [4, 6, 7, 10], [1, 3, 4, 7, 8, 9, 11]]"
25,"[[1, 2, 6, 8, 9, 10, 11], [1, 3, 11], [1, 2, 4, 5, 6, 9, 10, 11], [1, 4, 5, 6, 7, 8, 11], [3, 4, 5, 7, 8, 9, 10, 11], [2, 5, 6, 7, 8], [3, 7, 11], [3, 4, 8, 11]]"
26,"[[2, 4, 7, 8, 9, 10, 11], [1, 3, 8], [3, 5, 6, 8, 9], [2, 3, 4, 6, 10, 11], [1, 6, 9, 11], [2, 5, 6, 8, 11], [2, 3, 8], [1, 4, 5, 6, 7, 8, 10, 11]]"
27,"[[5, 6, 7, 8, 9, 11], [1, 9, 10], [5, 8], [3, 4, 5, 7, 9, 10, 11], [2, 4, 7, 8], [1, 2, 3, 7, 8, 9, 11], [1, 2, 4, 5, 6, 9], [2, 5, 7, 11]]"
28,"[[1, 3, 4, 5, 6, 7, 9, 11], [5, 6, 9, 10], [1, 6, 7, 9, 11], [1, 3, 7, 8, 9, 10, 11], [1, 2, 4, 5, 7, 8, 10, 11], [1, 10], [3, 4, 5, 6, 7, 9, 10], [2, 3, 5, 8, 10, 11]]"
29,"[[1, 2, 3, 4, 7, 8, 9, 10, 11], [4, 5, 10], [3, 4, 5, 7, 10, 11], [6, 7, 8, 9, 10, 11], [1, 7, 10, 11], [4, 6, 8, 10], [1, 2, 5, 7, 8], [3, 5, 8, 11]]"
30,"[[1, 2, 4, 5, 7, 8, 9, 10, 11], [1, 2, 4, 9, 10], [1, 3, 6, 7, 9, 10], [2, 6, 7, 9], [1, 5, 6, 8, 9, 10], [1, 2, 6, 7, 9], [1, 2, 6, 9], [1, 5, 7, 8, 9, 11]]"
31,"[[2, 4, 5, 10, 11], [5, 7, 8], [1, 5, 6, 9, 10], [1, 4, 6, 10, 11], [1, 2, 3, 5, 7, 8, 9, 11], [4, 6, 7, 8], [3, 4, 7, 9, 10, 11], [1, 2, 3, 5, 7, 10]]"
32,"[[4, 5, 7, 8, 10, 11], [1, 2, 3, 5, 6, 9], [1, 2, 3, 4, 5, 6, 7, 8, 9, 10, 11], [3, 4, 5, 8, 10, 11], [3, 8, 9], [3, 4, 5, 6, 9, 11], [1, 5, 8, 9, 10, 11], [3, 6, 8, 11]]"
33,"[[1, 2, 3, 5, 6, 7, 8, 11], [2, 3, 5, 7, 11], [3, 8, 10], [3, 5, 6, 9], [5, 6, 8], [1, 4, 5, 7, 9, 10, 11], [2, 4, 5, 6, 7, 8, 10], [6, 7, 9, 10]]"
34,"[[1, 7, 9], [1, 7, 8, 11], [1, 2, 3, 4, 5, 7, 10], [1, 2, 4, 6, 7, 8, 9, 10, 11], [1, 4, 5, 7, 10, 11], [2, 3, 4, 5, 7, 8, 9, 10], [4, 5, 9, 10], [1, 4, 7, 9, 11]]"
35,"[[1, 2, 4, 5, 6, 8, 9, 10, 11], [1, 3, 5, 7, 11], [1, 2, 3, 7, 8, 9, 10], [1, 2, 4, 6, 7, 8, 9, 10, 11], [3, 7, 8, 11], [3, 5, 6, 7, 10, 11], [1, 3, 4, 5, 6, 10], [3, 4, 5, 7, 9, 10, 11]]"
36,"[[1, 3, 4, 7, 9, 11], [1, 4, 5, 6, 8, 9, 11], [1, 2, 5, 6, 8, 9], [4, 6, 8, 10, 11], [2, 3, 8, 9, 11], [4, 7, 9, 11], [1, 2, 3, 4, 6, 9, 10], [1, 2, 3, 4, 9, 10, 11]]"
37,"[[1, 2, 3, 4, 9, 10, 11], [1, 2, 6, 7, 8, 9, 10, 11], [1, 4, 9, 11], [1, 4, 5, 11], [1, 3, 4, 6, 9, 10], [3, 7, 9, 10, 11], [1, 2, 3, 5, 7], [6, 7, 8, 9]]"
38,"[[1, 3, 4, 7, 10, 11], [1, 2, 10], [1, 2, 3, 7, 10], [3, 4, 5, 8, 9, 10, 11], [1, 3, 5, 6], [1, 7, 11], [1, 2, 4, 5, 7, 9, 11], [2, 4, 9, 11]]"
39,"[[1, 4, 7, 8, 9, 10], [2, 5, 6, 7, 9, 11], [1, 3, 4, 7, 8, 11], [1, 2, 6, 9, 11], [3, 4, 5, 6, 11], [2, 5, 6, 7, 11], [1, 6, 7, 8, 11], [4, 6, 8, 11]]"
40,"[[1, 4, 5, 7, 8, 9], [2, 3, 5, 6, 8, 9, 10], [1, 2, 4, 6, 7, 8, 9, 10], [1, 4, 7, 10, 11], [1, 2, 4, 5, 7, 8, 10, 11], [1, 3, 5, 8, 11], [1, 3, 8, 9], [3, 5]]"
41,"[[4, 5, 7, 9, 10, 11], [4, 5, 6, 9, 10], [1, 2, 5, 6, 10, 11], [3], [5, 9, 10], [1, 2, 3, 5, 6, 7, 10, 11], [2, 3, 10], [2, 6]]"
42,"[[1, 2, 3, 4, 6, 7, 8, 9], [1, 5, 6, 7, 10], [1, 4, 9, 10, 11], [1, 2, 3, 6, 7, 9, 10, 11], [1, 3, 5, 9, 10], [2, 3, 4, 6, 7, 8, 9, 10, 11], [2, 3, 4, 6, 8, 9], [4, 7, 8, 9]]"
43,"[[1, 2, 4, 8, 9, 10, 11], [1, 4, 6, 7, 8], [4, 5, 7, 9, 11], [4, 5, 6, 7, 8, 9], [1, 4, 7, 8, 10, 11], [1, 2, 3, 5, 7], [5, 8, 10], [1, 5, 6, 7, 8, 11]]"
44,"[[2, 3, 4, 5, 7, 8, 10], [1, 2, 7, 9, 10, 11], [1, 5, 6, 7, 9], [1, 2, 3, 5, 8, 9, 11], [1, 2, 3, 4, 5, 6, 7, 9, 10, 11], [1, 4, 5, 7, 10], [4, 6], [1, 5, 7, 8, 10, 11]]"
45,"[[2, 4, 7, 9, 10, 11], [4, 8, 10], [1, 2, 3, 7, 8, 10, 11], [3, 5, 6, 7, 9, 11], [3, 4, 5, 7, 8, 9], [1, 2, 3, 5, 7, 8, 10], [1, 7, 8, 10, 11], [3, 6, 9, 10, 11]]"
46,"[[1, 2, 5, 6, 7, 9, 11], [2, 5, 6, 7, 8], [1, 2], [1, 4, 7, 8, 9, 10], [1, 2, 4, 6, 7], [2, 9, 10, 11], [1, 3, 4, 5, 7, 8, 10, 11], [1, 2, 4, 6, 7, 8, 9, 10]]"
47,"[[1, 2, 4, 5, 10, 11], [3, 4, 5, 7, 8, 11], [1, 2, 3, 5, 6, 9], [3, 4, 7, 10], [5, 8], [1, 2, 8, 10], [2, 3, 4, 5, 6, 7, 9, 11], [1, 2, 3, 4, 6, 7]]"
48,"[[3, 9], [3, 4, 6, 9, 10, 11], [1, 2, 5, 7, 8, 10], [3, 5, 6, 7, 8, 11], [1, 5, 6, 8, 11], [2, 4, 5, 6, 7, 10, 11], [1, 3, 7, 10], [1, 2, 3, 4, 5, 7, 11]]"
49,"[[1, 2, 4, 9, 10], [7, 8, 11], [2, 4, 5, 6, 8], [2, 3, 4, 6, 10, 11], [2, 3, 4, 6, 7, 8, 11], [3, 4, 10], [1, 5, 6, 8], [1, 2, 4, 6]]"
50,"[[1, 2, 3, 5, 7, 8, 9, 10, 11], [2, 4, 6, 7, 11], [1, 4, 5, 7, 8, 11], [3, 5, 6, 9], [4, 5, 6, 9, 10], [2, 3, 4, 5, 6, 9, 10, 11], [2, 4, 5, 9, 10], [1, 3, 4, 5, 6, 9]]"
51,"[[1, 2, 5, 7, 9], [4, 5, 7, 8, 10, 11], [1, 2, 4, 5, 6, 7, 8, 9, 11], [2, 4, 5, 8, 9, 11], [1, 3, 8, 11], [3, 4, 6], [1, 3, 6, 7, 8, 9, 10], [1, 7, 8, 9, 10]]"
52,"[[3, 5, 9, 10, 11], [3, 4, 6, 7, 8, 9], [2, 4, 8], [1, 3, 6, 9, 10, 11], [1, 2, 3, 5, 8, 9, 10], [3, 4, 5, 10, 11], [5, 6, 7, 8, 9, 11], [3, 6]]"
53,"[[3, 4, 7, 9], [4, 7, 8], [2, 3, 5, 9, 11], [1, 3, 4, 7, 8, 9, 11], [2, 3, 4, 5, 6, 9, 11], [1, 2, 3, 4, 5, 6, 7, 9], [2, 6, 10], [1, 2, 3, 5, 6, 10]]"
54,"[[1, 2, 5, 7, 9], [1, 3, 6, 7, 11], [1, 2, 4, 5, 6, 9, 10], [1, 2, 4, 6, 8, 9, 10], [2, 5, 6, 8, 9, 10], [2, 3, 4, 5, 7, 8, 9], [1, 2, 4, 5, 6, 8, 9, 11], [2, 3, 5, 7, 10]]"
55,"[[1, 3, 7, 8, 10], [1, 2, 6, 10], [2, 4, 6, 8], [1, 4, 5, 11], [1, 4, 8, 9, 11], [1, 2, 4, 7, 8], [1, 4, 5, 7, 9, 10], [7, 8, 10]]"
56,"[[1, 3, 5, 7, 8, 9, 10, 11], [2, 5, 6, 7, 8, 10], [1, 4, 6, 9, 10, 11], [1, 4, 6, 8], [1, 2, 4, 5, 7, 8, 11], [4, 5, 7, 9, 10], [1, 3, 4, 5, 6, 7, 10, 11], [2, 4, 6, 9, 11]]"
57,"[[1, 3, 6, 7, 8, 9, 10], [1, 2, 4, 5, 7, 8], [1, 7, 9, 10], [2, 5, 6, 8, 9, 10, 11], [1, 2, 3, 5, 6, 8, 9], [2, 7], [1, 4, 5, 7, 8, 10, 11], [1, 4, 5, 6, 7, 8, 10]]"
58,"[[4, 8], [2, 3, 4, 5, 6, 7, 8, 10, 11], [2, 4, 6, 7, 9, 11], [3, 5, 11], [1, 2, 3], [1, 3, 7, 8, 9, 11], [1, 3, 5, 8, 9], [1, 3, 6, 9, 10]]"
59,"[[5, 9, 10, 11], [3, 4, 5, 7, 9, 11], [1, 4, 6, 7, 9, 10, 11], [1, 4, 6, 7, 9, 10, 11], [8, 9], [4, 10], [3, 4, 5, 10, 11], [1, 3, 6, 8, 10, 11]]"
60,"[[1, 2, 3, 6], [1, 4, 5, 7, 8], [1, 8, 11], [1, 5, 7, 8, 10, 11], [1, 2, 3, 5, 6, 7, 8, 9], [2, 4, 8], [1, 3, 4, 5, 7, 8, 10], [1, 4, 5, 6, 8, 9, 11]]"
61,"[[3, 5, 7, 8, 9, 11], [5, 7], [1, 3, 4, 6, 7, 9], [2, 5, 7, 9], [2, 3, 7, 9, 11], [2, 3, 6, 7, 8, 10], [2, 4, 5, 6, 7, 8, 9, 11], [4, 5, 6, 7, 10]]"
62,"[[1, 2, 3, 5, 8, 11], [1, 3, 4, 5, 9, 10, 11], [3, 5, 8], [1, 3, 4, 5, 6, 7, 9, 10], [1, 4, 6, 7, 8, 9, 11], [4, 7, 9, 10], [2, 3, 4, 9], [1, 2, 5, 8, 9, 11]]"
63,"[[4, 5, 7, 9, 10], [3, 6, 7, 8, 10, 11], [1, 2, 4, 6, 7, 10, 11], [1, 2, 5, 7, 8, 10], [1, 4, 5, 7, 9, 10, 11], [1, 2, 6, 7, 8, 11], [1, 2, 3, 4, 5, 6], [1, 5, 7, 11]]"
64,"[[1, 3, 7, 8, 9, 10], [1, 2, 3, 6, 9, 10, 11], [2, 4, 7, 8, 10, 11], [1, 2, 3, 4, 5, 6, 7, 9], [1, 3, 4, 5, 7, 8, 10], [2, 6, 8], [3, 4, 6, 7, 8, 9], [2, 3, 4, 8, 11]]"
65,"[[1, 2, 3, 4, 8, 9, 10], [1, 6, 9, 10], [1, 3, 4, 9], [1, 3, 4, 5, 6, 7, 8, 10, 11], [1, 3, 4, 6, 7, 8, 10, 11], [1, 3, 4, 5, 8, 9, 10], [1, 2, 5, 6, 7, 9, 11], [1, 2, 3, 4, 5, 7, 9, 11]]"
66,"[[5, 7, 9, 10], [2, 4, 6, 7, 8, 9, 10, 11], [1, 2, 3, 4, 6, 7, 9], [1, 2, 6, 10, 11], [1, 3, 4, 5, 6, 8, 9, 11], [2, 3, 4, 7, 8, 11], [1, 2, 3, 4, 6, 10], [1, 2, 5, 7, 8, 10, 11]]"
67,"[[1, 3, 4, 8, 10], [1, 2, 6, 7, 8, 9], [1, 2, 4, 6, 8], [1, 3, 8, 9, 10], [1, 2, 3, 5, 7, 8, 9, 10, 11], [3, 4], [1, 2, 3, 4, 5, 7, 9, 10], [2, 5, 6, 9, 10, 11]]"
68,"[[1, 5, 6, 9], [1, 2, 4, 6, 9], [1, 2, 3, 4, 5, 6, 7, 8, 9, 10, 11], [4, 9, 10, 11], [1, 2, 3, 4, 5, 6, 8, 10], [1, 2, 7, 8], [1, 6, 11], [8, 10, 11]]"
69,"[[2, 8, 10, 11], [1, 4, 7, 8, 10, 11], [3, 4, 5, 6, 8, 9, 11], [1, 2, 3, 5, 7, 9, 10], [2, 3, 4, 5, 8, 10], [1, 5, 6, 8, 9, 10], [1, 2, 3, 5, 7, 8, 9], [2, 4, 5, 8]]"
70,"[[1, 3, 4, 8], [6, 7, 8, 10], [3, 4, 8, 11], [1, 2, 3, 5, 7, 8, 9, 10], [1, 3, 10], [1, 2, 3, 6, 7, 9, 11], [2, 4, 5, 7, 8, 9, 10, 11], [3, 5, 6, 8, 9, 10, 11]]"
71,"[[2, 3, 4, 5, 7, 8, 9, 11], [2, 4, 5, 11], [1, 2, 3, 8, 10, 11], [2, 3, 8, 9, 10], [1, 4, 6, 8, 9, 10], [2, 3, 5, 8, 9, 10], [1, 2, 3, 4, 7, 10, 11], [1, 3, 4, 5, 8, 10, 11]]"
72,"[[2, 5, 7, 9, 11], [4, 6, 8, 9, 11], [2, 5, 6, 7, 8, 9, 10, 11], [1, 2, 3, 4, 5, 6, 8, 9], [1, 4, 6, 7, 10, 11], [1, 5, 6, 8, 9, 10, 11], [2, 4, 6, 7, 8, 11], [4, 5, 7, 8, 11]]"
73,"[[1, 3, 5, 7, 8, 9, 10, 11], [1, 3, 4, 10, 11], [1, 5, 6, 7, 9, 10, 11], [2, 3, 5, 6, 10, 11], [2, 3, 5, 6, 7, 9], [2, 3, 5, 7, 8], [1, 3, 4, 5, 8], [3, 5, 6, 7]]"
74,"[[2, 3, 7, 8, 11], [3, 5, 7, 9], [4, 5, 8, 9, 10, 11], [5, 6, 7, 10], [2, 3, 4, 8, 9], [2, 3, 4, 6, 7, 10], [1, 2, 5, 6, 7, 8, 10, 11], [1, 6, 11]]"
75,"[[1, 3, 5, 6, 7, 8, 10, 11], [1, 2, 4, 5, 7, 8, 9, 11], [1, 2, 4, 5, 6, 7, 9], [1, 2, 5, 6, 8, 10], [3, 4, 5, 6, 9, 10], [6, 7, 8, 10, 11], [3, 4, 5, 7, 8, 11], [1, 2, 3, 4, 5, 6, 7, 9, 11]]"
76,"[[1, 5, 6], [1, 2, 3, 4, 5, 8, 11], [1, 5, 6, 11], [1, 6, 7, 8, 9, 11], [1, 2, 6, 9, 10, 11], [2, 3, 4, 7, 10, 11], [1, 11], [4, 5, 6, 8, 9, 10, 11]]"
77,"[[1, 2, 3, 4, 8, 10, 11], [3, 4, 6, 8, 9, 11], [1, 3, 5, 7, 9, 11], [1, 3, 4, 6, 7, 9, 10], [1, 2, 3, 4, 7, 9, 10, 11], [4, 6, 8, 9, 10], [1, 4, 8, 11], [4, 7, 10]]"
78,"[[2, 5, 6, 8, 9, 10], [1, 3, 4, 5, 8, 9, 10, 11], [1, 2, 3, 4, 5, 7, 9, 11], [1, 2, 3, 5, 7, 8, 11], [1, 8, 11], [2, 8, 9, 10], [1, 2, 3, 4, 6, 7, 9], [1, 3, 5, 9, 10]]"
79,"[[3, 7, 10, 11], [2, 6, 7, 10], [2, 4, 5, 7, 8, 9, 11], [1, 7, 10], [1, 6, 8, 9, 11], [1, 3, 5, 8, 9, 10, 11], [2, 3, 6, 9, 10], [3, 4, 7, 8, 10, 11]]"
80,"[[1, 3, 7, 11], [1, 6, 8, 9, 10], [1, 2, 3, 4, 5, 9, 10, 11], [2, 5, 8, 10, 11], [2, 3, 4, 7], [1, 2, 3, 7, 9, 10], [1, 2, 3, 4, 6, 8, 9, 10, 11], [1, 2, 3, 4, 6, 9, 11]]"
81,"[[1, 2, 5, 7, 8, 9], [1, 2, 3, 4, 5, 10], [4, 6, 7, 9, 11], [3, 8, 10, 11], [2, 5, 6, 10], [4, 7, 8, 9, 10, 11], [1, 2, 3, 4, 5], [1, 2, 3, 4, 5, 7, 8, 9, 10, 11]]"
82,"[[3, 4, 5, 6], [1, 3, 4, 11], [1, 3, 7, 8, 9, 11], [1, 2, 4, 6, 7, 8, 9, 10, 11], [2, 3, 4, 8, 9, 11], [1, 5, 6, 8, 9, 10], [1, 5, 7, 10, 11], [4, 6, 9]]"
83,"[[1, 2, 4, 5, 7, 9, 10], [2, 4, 9, 11], [1, 5, 7, 8, 9, 10, 11], [1, 5, 9, 11], [1, 2, 4, 7, 9, 10], [1, 2, 3, 4, 5, 6, 9, 10, 11], [1, 2, 8, 9, 11], [1, 2, 4, 5, 8, 11]]"
84,"[[2, 4, 5, 6, 7, 10], [5, 8, 9], [2, 3, 6, 7, 8, 10], [1, 3, 5, 6, 8, 10, 11], [1, 2, 3, 5, 6, 7, 9], [2, 3, 6, 7, 8, 9, 10], [3, 5, 7, 8, 11], [4, 5, 6, 9, 10, 11]]"
85,"[[1, 4, 5, 6, 9, 10], [2, 5, 6, 7, 9, 11], [4, 6, 9, 10, 11], [1, 3, 7, 9], [2, 3, 4, 5, 7, 9, 10, 11], [1, 2, 3, 5, 7, 8, 9, 11], [1, 6, 7, 8, 9], [3, 4, 6, 7, 10, 11]]"
86,"[[3, 6, 7, 8, 9, 11], [1, 5, 6, 9], [1, 2, 3, 4, 8, 9], [2, 3, 5, 7, 8, 9], [2, 3, 6, 8, 9], [1, 2, 4, 6, 8, 9, 10], [3, 4, 5, 6, 7, 8, 10], [1, 4, 7]]"
87,"[[2, 3, 5, 7, 9, 11], [2, 3, 5, 7, 10, 11], [2, 3, 4, 6, 11], [2, 6, 8, 9], [1, 3, 5, 6, 7, 8, 10], [2, 3, 4, 6], [1, 5, 6, 8, 9], [1, 2, 4, 6, 7, 8, 10, 11]]"
88,"[[2, 4, 5, 8, 9, 10], [1, 2, 3, 5, 6, 8, 9, 10], [1, 2, 4, 6, 8, 9, 11], [3, 7, 10], [1, 6, 7, 10, 11], [7, 10], [1, 2, 3, 6, 7, 8, 11], [1, 8, 9, 11]]"
89,"[[1, 2, 3, 5, 6, 8, 10, 11], [1, 5, 6, 8, 10], [2, 5, 9], [1, 2, 4, 5, 6, 7, 8, 10], [5, 6, 7, 10, 11], [1, 2, 3, 4, 5, 6, 9, 10], [1, 2, 3, 5, 6, 7, 11], [2, 3, 4, 6, 11]]"
90,"[[1, 4, 5, 10], [2, 3, 5, 6, 7, 8], [1, 3, 4, 6, 9], [1, 2, 6, 10], [2, 3, 5, 6, 7, 8, 9], [1, 2, 4, 5, 7], [1, 6, 9], [2, 4, 8, 9, 11]]"
91,"[[1, 3, 6, 10, 11], [1, 2, 3, 4, 5, 8], [2, 3, 6, 7, 9, 11], [4, 5, 8, 9, 11], [2, 5, 7, 8, 9], [1, 4, 6, 9, 10, 11], [2, 3, 4, 5, 6, 7, 11], [2, 4, 7, 8, 10, 11]]"
92,"[[3, 4, 7, 8, 10, 11], [4, 5, 10, 11], [2, 3, 4, 6, 8, 11], [1, 2, 3, 4, 9, 10, 11], [1, 11], [2, 3, 4, 6], [2, 3, 8, 10], [1, 6, 7]]"
93,"[[1, 6, 8, 9, 10, 11], [1, 3, 5, 8, 9, 10, 11], [4, 9, 10, 11], [2, 4, 5, 6, 8], [2, 7, 10], [4, 5, 7, 11], [1, 2, 6, 7, 8, 9, 11], [1, 2, 4, 8, 9, 11]]"
94,"[[1, 5, 6, 8, 9, 10, 11], [1, 4, 11], [2, 3, 4, 5, 6, 7, 11], [3, 4, 5, 6, 7, 9, 10, 11], [1, 2, 3, 6, 8, 9, 11], [1, 3, 9, 10, 11], [1, 2, 4, 7, 8, 9, 10, 11], [1, 2, 3, 6, 8, 11]]"
95,"[[2, 3, 4, 7], [1, 3, 4, 5, 6, 7, 9], [2, 3, 4, 7, 8], [2, 3, 4, 6, 8, 10, 11], [3, 4, 7, 9], [1, 3, 4, 8, 11], [1, 4, 5, 7, 8, 9, 10], [3, 6, 7, 9, 11]]"
96,"[[1, 6, 10], [2, 5, 9, 11], [1, 3, 7, 8, 10], [1, 2, 6, 7, 8, 10, 11], [1, 4, 5, 9, 10], [2, 4, 8, 11], [1, 2, 3, 4, 6], [1, 2, 3, 6, 8]]"
97,"[[2, 5, 7, 10, 11], [1, 2, 3, 7, 8], [2, 4, 5, 6, 8, 11], [1, 2, 4, 5, 9], [2, 8, 9, 10], [1, 2, 7, 8, 10], [1, 6, 8, 9, 10], [1, 3, 8, 9, 11]]"
98,"[[2, 3, 4, 5, 6, 7, 8, 10], [1, 4, 5, 7, 8, 9, 10], [1, 5, 6, 7, 10], [2, 3, 4, 5, 7, 8, 10], [1, 2, 3, 5, 6], [1, 2, 3, 8, 9, 10], [2, 5, 6, 8, 10, 11], [1, 2, 4, 5, 6, 9]]"
99,"[[2, 4, 5, 6, 7, 8, 10], [2, 6, 7, 10, 11], [2, 4, 5, 6, 7, 9, 10], [3, 5, 6, 7, 8], [2, 4, 6, 7, 11], [1, 3, 4, 5, 6, 10, 11], [1, 4, 6, 11], [2, 4, 5, 7, 9, 10, 11]]"
100,"[[1, 2, 3, 4, 6, 8, 10], [1, 3, 6, 8, 11], [2, 7, 9], [1, 4, 6, 8, 9, 11], [1, 2, 3, 5, 6, 8, 9, 11], [1, 5, 6, 7], [2, 3, 4, 7], [1, 2, 5, 6, 10]]"
101,"[[3, 4, 6, 8], [1, 2, 4, 5, 6, 7, 8], [1, 3, 4, 6, 7, 9, 11], [1, 4, 9, 11], [3, 4, 7, 8, 10], [1, 5, 6, 7, 8, 10, 11], [1, 2, 5, 6, 7, 8, 9, 10], [3, 6, 7, 8, 11]]"
102,"[[1, 4, 5, 6, 8, 10, 11], [2, 3, 8, 11], [1, 2, 4, 7, 8, 9, 10], [2, 4, 5, 6, 8], [1, 2, 5, 6, 7, 10], [5, 6, 7, 8, 9, 11], [1, 2, 3, 4, 7, 9, 11], [1, 10, 11]]"
103,"[[5, 6, 10], [4, 5, 6, 7], [1, 5, 9, 10], [1, 3, 4, 6, 7, 8, 9, 10], [2, 3, 6, 9, 11], [1, 3, 5, 6, 8, 9, 11], [5, 6, 8, 9, 10], [1, 4, 5, 6, 9]]"
104,"[[1, 9, 10, 11], [6, 9, 10], [1, 3, 5, 9], [1, 3, 4, 5, 6, 7, 8, 9, 10, 11], [2, 4, 5, 6, 7, 10, 11], [2, 4, 5, 7, 8, 9, 10], [3, 4, 7, 8, 9, 10, 11], [1, 2, 3, 5, 7, 8, 10]]"
105,"[[1, 3, 4, 5, 6, 9, 10], [1, 3, 5, 7, 8, 10], [1, 2, 3, 4, 5, 7, 9, 10, 11], [1, 3, 5, 6, 7, 9, 10, 11], [2, 3, 4, 7, 8], [1, 2, 3, 4, 6, 7, 10], [3, 4, 10, 11], [2, 4, 7, 8, 11]]"
106,"[[1, 3, 5, 6, 7], [1, 2, 3, 4, 5, 9], [1, 2, 5, 6, 7, 9, 10], [1, 2, 3, 4, 5, 6], [2, 3, 6, 8, 9, 10, 11], [2, 4, 6], [1, 2, 3, 5, 9, 10], [2, 3, 4, 5, 7, 9, 10, 11]]"
107,"[[2, 3, 4, 7], [2, 3, 6, 7, 8, 9, 11], [1, 2, 3, 4, 6, 10], [3, 5, 8], [2, 9], [2, 7, 9, 11], [3, 4, 7, 8, 10], [2, 5, 6, 7, 8, 9, 10, 11]]"
108,"[[5, 6, 8, 11], [2, 5, 11], [1, 3, 4, 6, 7, 10], [2, 3, 6, 7, 9], [7, 8, 11], [5, 6, 7, 9], [1, 2, 5, 8, 10, 11], [1, 2, 4, 7, 8, 9, 11]]"
109,"[[1, 3, 4, 7, 8, 9, 11], [1, 2, 5, 6, 7], [1, 2, 4, 6, 9, 10, 11], [3, 4, 5], [1, 3, 4, 7, 8, 9, 10, 11], [1, 2, 3, 4, 8, 9, 10, 11], [1, 2, 3, 4, 5, 7, 10], [1, 2, 3, 5, 6]]"
110,"[[1, 3, 4, 7, 10], [1, 6, 8, 9, 10, 11], [4, 7, 9, 10], [1, 2, 3, 4, 9, 11], [1, 4, 5, 8, 11], [4, 5, 6, 7, 10], [6, 7, 8, 11], [1, 3, 4, 5, 9, 11]]"
111,"[[3, 5, 7, 8], [3, 8, 9, 11], [1, 2, 4, 5, 6, 7, 10, 11], [4, 5, 6, 9, 11], [1, 5, 7, 9], [2, 3, 4, 6, 7, 8], [2, 3, 4, 5, 7, 9], [2, 3, 4, 5, 8, 9, 10, 11]]"
112,"[[3, 5, 9, 10], [2, 4, 5, 6, 7, 9], [3, 8, 9, 11], [1, 2, 4, 7, 9, 10], [2, 3, 6, 7, 8, 9, 11], [1, 4, 5, 7], [2, 4, 5, 8, 9], [1, 2, 4, 5, 6, 8, 10, 11]]"
113,"[[1, 2, 5, 7, 9, 10], [1, 3, 4, 6, 10, 11], [9, 11], [1, 2, 3, 6, 7, 9, 10], [2, 3, 4, 6, 9, 11], [1, 3, 5, 7, 8, 10, 11], [2, 4, 8, 9, 11], [2, 4, 6, 8, 9, 10, 11]]"
114,"[[2, 3, 4, 5, 6, 7, 10, 11], [1, 2, 3, 4, 7, 8, 9, 11], [1, 4, 7, 9, 11], [2, 3, 5, 8, 10, 11], [4, 6, 7, 8, 10], [2, 5, 6, 7, 8, 9, 10], [1, 3, 4, 5, 6, 7, 10], [1, 3, 4, 5, 8, 9, 10, 11]]"
115,"[[1, 3, 4, 5, 7, 9, 10], [1, 3, 7, 8], [2, 3, 4, 6, 7, 10], [3, 4, 5, 7, 9, 10, 11], [3, 4, 6, 7, 11], [1, 8, 11], [6, 7, 9], [1, 2, 7, 9]]"
116,"[[1, 9, 10, 11], [2, 6, 7, 8, 9, 10], [2, 7, 8, 11], [4, 9, 10], [4, 6, 8, 9], [1, 2, 4, 8], [6, 7, 11], [3, 4, 5, 6, 8, 11]]"
117,"[[1, 2, 3, 4, 5, 6, 7, 8], [1, 3, 7, 8, 11], [1, 4, 5, 7, 8], [1, 2, 6, 7, 9, 11], [1, 3, 5, 9, 11], [1, 3, 5, 6, 7, 8, 10], [1, 3, 4, 5, 6, 7, 8, 10, 11], [3, 5, 6, 8, 10, 11]]"
118,"[[2, 3, 4, 7, 10], [1, 5, 9, 11], [1, 4, 5, 8, 11], [5, 6, 7, 10], [3, 5, 6, 7, 11], [3, 6, 8, 9, 10], [1, 2, 3, 4, 5, 6, 11], [2, 3, 6, 8, 11]]"
119,"[[2, 3, 5, 6, 8, 9, 11], [3, 4, 5, 7, 9, 10, 11], [2, 3, 7, 9, 10], [1, 2, 3, 5, 6, 8, 11], [1, 2, 4, 6, 9, 11], [1, 3, 4, 7, 8, 9, 10], [7, 9], [1, 3, 4, 5, 6, 11]]"
120,"[[1, 4, 5, 6, 9], [1, 3, 4, 6, 7, 8, 9, 11], [1, 3, 5, 6, 7, 8, 9], [1, 4, 9, 10, 11], [1, 2, 5, 6, 7, 10], [2, 3, 5, 8, 10], [3, 6, 9, 10, 11], [2, 6, 7, 11]]"
121,"[[1, 2, 3, 4, 5, 7, 9, 10, 11], [1, 4, 5, 6, 7, 9], [1, 2, 4, 5, 9, 10, 11], [1, 2, 5, 10], [1, 2, 3, 4, 5, 6, 8, 9, 11], [3, 5, 7, 8, 9, 10, 11], [4, 7, 9], [4, 5, 7, 9, 10]]"
122,"[[2, 3, 4, 6, 7, 8, 11], [3, 5, 6, 9], [5, 6, 7, 8, 10, 11], [1, 4, 5, 10], [2, 3, 4, 5, 6, 10], [3, 5, 9, 11], [2, 4, 6, 7, 9, 10, 11], [3, 6, 7, 8, 10, 11]]"
123,"[[2, 4, 5, 6, 7, 8, 9, 10, 11], [2, 3, 9, 10], [1, 5, 7, 11], [1, 4, 6, 10, 11], [1, 3, 4, 5, 6, 8, 9, 10], [1, 2, 3, 4, 5, 8, 11], [2, 3, 4, 5, 7, 8, 9], [1, 3, 4, 5, 7, 10, 11]]"
124,"[[1, 5, 10], [1, 2, 8, 11], [1, 2, 3, 6, 7, 8, 11], [1, 4, 6, 9, 10, 11], [1, 4, 5, 6, 7, 11], [1, 2, 4, 5, 6, 9, 10], [4, 6, 7, 9, 10, 11], [1, 3, 4, 6, 7, 8, 9, 10, 11]]"
125,"[[1, 2, 4, 6, 9, 11], [1, 3, 4, 7, 9, 11], [1, 2, 3, 5, 7, 9], [4, 7, 9, 10, 11], [3, 5, 6, 8, 10, 11], [1, 2, 3, 4, 6, 8, 9, 11], [3, 4, 7, 8, 9, 10], [3, 4, 5, 6, 7, 9, 10]]"
126,"[[1, 5, 6, 7, 8], [1, 4, 5, 7], [1, 4, 7, 8, 9, 10, 11], [1, 2, 4, 5, 8, 9, 11], [1, 4, 5, 7, 8, 11], [2, 3, 7, 8, 10], [4, 9, 11], [2, 6, 7]]"
127,"[[2, 4, 5, 6, 8, 9, 10], [1, 5, 7, 8, 11], [2, 3, 4, 5, 6, 7, 10, 11], [6, 8, 9], [1, 2, 3, 5, 8, 10, 11], [1, 2, 3, 4, 6, 7, 9], [5, 6, 10, 11], [1, 3, 5]]"
128,"[[2, 5, 6, 8], [1, 4, 5, 7, 8, 11], [3, 4, 6, 8, 11], [2, 3, 6, 7, 8], [4, 6, 7, 10], [2, 3, 4, 5, 8, 10], [2, 3, 5], [1, 2, 3, 5, 7, 9, 11]]"
129,"[[2, 5, 7, 11], [1, 2, 5, 10, 11], [1, 3, 4, 5, 6, 9, 10, 11], [1, 4, 5, 6, 7, 8], [1, 4, 7, 8, 9, 10], [2, 3, 5, 7, 9, 10], [1, 2, 6, 9], [2, 4, 5, 8, 10]]"
130,"[[1, 3, 5, 9, 11], [1, 3, 6, 8, 9, 10], [1, 2, 5, 8, 9, 10], [1, 4, 5, 7, 8, 10], [3, 5, 6, 9, 11], [1, 2, 3, 7, 9, 10], [1, 5, 9, 11], [1, 4, 8, 11]]"
131,"[[2, 3, 5, 6, 10, 11], [2, 5, 8, 10, 11], [5, 7, 8, 9], [1, 6, 10, 11], [1, 2, 6, 8, 9], [1, 4, 5, 6, 10], [4, 6, 8, 9], [1, 2, 3, 4, 6, 7, 9]]"
132,"[[1, 3, 6, 8, 10], [1, 9, 11], [1, 3, 6, 7, 8, 9, 10], [1, 2, 5, 6, 9], [5], [1, 3, 4, 7, 8, 10, 11], [1, 3, 4, 7, 8, 9, 10, 11], [2, 4, 6, 7, 8, 9]]"
133,"[[11], [2, 5, 6, 8, 9], [1, 2, 3, 4, 6, 9, 10], [4, 7, 8, 10, 11], [1, 3, 5, 6, 7, 8, 10], [2, 4, 8, 10, 11], [1, 8, 10, 11], [3, 6, 8, 9, 10]]"
134,"[[1, 2, 5, 6, 8, 11], [1, 3, 6, 7, 9, 10], [1, 2, 3, 5, 8, 10], [3, 5, 7, 8, 9, 10, 11], [5, 6, 8, 11], [1, 2, 3, 5, 6, 7], [3, 5, 6, 8, 9, 10, 11], [1, 2, 4, 7, 8]]"
135,"[[3, 5, 6, 7, 8, 9, 10], [1, 2, 4, 6, 7, 8, 10, 11], [2, 3, 4, 5, 6, 7, 10], [2, 6, 7, 8, 10, 11], [2, 3, 5, 6, 10], [2, 3, 4, 5, 6, 10], [4, 5, 6, 7, 8, 9, 10], [4, 5, 7, 10, 11]]"
136,"[[6, 9, 10, 11], [2, 5, 7], [2, 4, 6, 7], [1, 2, 3, 4, 6, 7, 11], [2, 3, 6, 11], [3, 4, 6, 9, 11], [1, 2, 3, 4, 9, 11], [1, 2, 4, 6]]"
137,"[[4, 7, 8, 9], [1, 2, 5, 6, 8, 10], [1, 3, 4, 5, 7, 8, 11], [3, 4, 5, 7, 8, 9], [2, 3, 4, 7, 10, 11], [2, 3, 4, 6, 7, 8, 9, 11], [3, 4, 5, 8, 9, 11], [5, 6, 8, 9, 10]]"
138,"[[1, 2, 4, 5, 7, 8, 9, 10, 11], [1, 2, 7, 9, 10], [1, 2, 4, 6, 7, 10], [2, 6, 7, 9, 11], [1, 2, 3, 5, 6, 8, 9, 11], [1, 2, 3, 4, 5, 6, 7, 9], [2, 3, 4, 5, 6, 7, 10, 11], [5, 6, 7, 10]]"
139,"[[1, 3, 6, 7, 8], [2, 3, 4, 5, 6, 7, 8, 11], [5, 6, 7, 8], [1, 8, 9, 10], [3, 4, 5, 6, 8, 9], [1, 6, 7, 9, 10], [2, 5, 8, 9, 11], [1, 2, 3, 5, 10]]"
140,"[[1, 3, 5, 7, 8, 11], [2, 6, 11], [2, 4, 5, 6, 7, 8], [1, 3, 4, 5, 7, 10], [2, 3, 5, 6, 7, 8], [9, 10, 11], [1, 2, 3, 9, 10, 11], [3, 4, 7, 9, 10]]"
141,"[[2, 4, 5, 6, 9, 10, 11], [2, 4, 5, 6, 7, 8, 10, 11], [1, 3, 4, 5, 7, 8, 10, 11], [1, 5, 7, 8, 11], [1, 2, 4, 7, 9, 11], [1, 3, 4, 5, 7, 8, 9], [3, 6, 7, 9, 10, 11], [1, 4, 5, 6, 8]]"
142,"[[2, 8], [1, 2, 7, 8], [1, 6, 9], [1, 4, 8], [3, 6, 8, 11], [1, 9], [1, 5, 6, 11], [3, 4, 5, 6, 8, 9, 10]]"
143,"[[3, 4, 6, 9, 10], [5, 6, 7, 8, 10, 11], [4, 5, 6, 7, 8, 9, 11], [1, 2, 3, 6, 8, 10], [1, 2, 4, 6, 8, 9, 10, 11], [1, 3, 4, 5, 8, 9], [1, 2, 5, 6, 8, 10, 11], [3, 4, 5, 7, 10, 11]]"
144,"[[4, 7, 10, 11], [3, 5, 6, 8, 10, 11], [2, 3, 6, 8, 9], [1, 2, 3, 5, 7, 9, 10], [6, 7], [1, 2, 4, 5, 6, 7, 10, 11], [2, 3, 5, 7, 8, 9, 10], [2, 5, 8, 10]]"
145,"[[2, 6, 7, 8, 9, 10], [1, 2, 4, 5], [2, 3, 5, 10, 11], [1, 2, 5, 6, 7, 8, 9, 10], [1, 4, 5], [2, 5, 6, 7, 11], [2, 4, 5, 8], [1, 2, 3, 5, 7, 8, 10, 11]]"
146,"[[2, 3, 5, 7, 8, 9, 10, 11], [1, 2, 7, 8, 9, 10, 11], [2, 4, 5], [2, 4, 5, 7], [1, 3, 4, 6, 9, 11], [1, 3, 5, 7], [6, 9, 11], [1, 2, 6, 9, 10]]"
147,"[[4, 5, 9], [3, 6, 8, 9], [2, 8, 9, 10, 11], [2, 3, 4, 5, 6, 8, 9], [3, 6, 7, 9, 10], [2, 3, 5, 6, 7, 9, 10, 11], [1, 5, 8, 9], [6, 7, 10, 11]]"
148,"[[2, 4, 6, 7, 10, 11], [1, 2, 3, 6, 8], [1, 3, 4, 8], [1, 2, 5, 8, 9, 10, 11], [4, 7, 10], [1, 2, 3, 4, 8, 10, 11], [4, 6, 7, 10], [1, 3, 6, 8, 9]]"
149,"[[2, 7, 8, 10, 11], [3, 4, 5, 7, 8], [3, 4, 6, 8, 11], [1, 2, 4, 5, 7, 8, 9], [2, 5, 6, 7, 10], [2, 4, 6, 9, 10, 11], [1, 2, 6, 7, 8, 10, 11], [4, 9, 10]]"
150,"[[2, 3, 4, 6, 8, 9, 10], [1, 6, 10, 11], [1, 3, 4, 8], [4, 5, 6, 8, 11], [3, 4, 8, 9, 10], [2, 5, 9, 11], [1, 2, 4, 7, 10, 11], [2, 4, 5, 6, 7, 8, 9]]"
151,"[[1, 3, 4, 6, 8, 9], [2, 6, 7], [2, 4, 6, 8, 9, 10], [3, 4, 5, 7, 9, 10, 11], [1, 3, 8, 11], [1, 4, 9], [2, 5, 7, 9, 10, 11], [2, 3, 7, 8, 9, 10]]"
152,"[[3, 4, 5, 7], [1, 5, 7, 9, 10], [1, 2, 3, 7, 11], [1, 2, 5, 6, 8], [4, 6, 7, 11], [1, 2, 11], [3, 7, 8, 9, 11], [1, 3, 5, 6, 10]]"
153,"[[2, 3, 5, 9, 10, 11], [2, 3, 4, 5, 6, 7, 9, 10, 11], [1, 2, 3, 4, 6, 10, 11], [1, 3, 4, 7, 8, 11], [2, 4, 5, 7, 8, 9, 11], [2, 3, 6, 7, 10], [1, 2, 3, 4, 5, 6, 7, 8, 9, 11], [1, 2, 4, 5, 6]]"
154,"[[1, 3, 4, 5, 10], [1, 3, 6, 8, 9], [1, 3, 4, 6, 8, 10], [1, 3, 4, 6, 7, 8, 10, 11], [5, 6, 7, 9, 10], [2, 4, 5, 7, 8, 9], [3, 4, 6, 9], [1, 4, 9, 11]]"
155,"[[2, 3, 4, 5, 6, 10], [1, 2, 3, 5, 6, 8, 9, 10, 11], [1, 7, 8, 10], [2, 3, 5, 6], [1, 4, 6, 10, 11], [6, 8, 9, 11], [1, 5, 6, 8, 9], [1, 2, 3, 4, 5, 8, 9, 10, 11]]"
156,"[[2, 4, 5, 6, 7], [3, 4, 5, 6, 7, 8, 9, 10], [1, 3, 5, 10, 11], [8, 10, 11], [2, 4, 5, 6, 8, 10, 11], [6, 7, 10, 11], [1, 3, 6, 7, 8, 10, 11], [1, 2, 3, 5, 7]]"
157,"[[2, 5, 10], [2, 4, 7, 8, 9, 10, 11], [1, 4, 5, 6, 7], [2, 8, 11], [1, 3, 4, 5, 6, 8, 9, 10, 11], [1, 2, 3, 4, 5, 8, 9, 10, 11], [1, 3, 6, 10, 11], [1, 2, 3, 4, 5, 8, 10, 11]]"
158,"[[5], [2, 4, 5, 6, 10], [2, 3, 5, 6, 7], [2, 3, 4, 5, 6, 7, 11], [4, 5, 7], [1, 6, 7, 10, 11], [1, 3, 4, 7, 8, 10], [3, 4, 7, 9]]"
159,"[[1, 4, 6, 8, 10], [2, 4, 6, 9, 10, 11], [1, 2, 5, 6, 7, 8], [2, 3, 4, 6, 7, 8, 10, 11], [1, 4, 5, 6, 7, 8, 10], [4, 5, 8, 10, 11], [2, 3, 8, 10], [2, 3, 5, 7, 11]]"
160,"[[1, 6, 7, 11], [1, 2, 3, 6, 7, 8, 11], [1, 3, 5, 6, 7, 8, 9], [1, 2, 3, 4, 5, 7, 8, 10], [1, 2, 7, 8, 11], [1, 3, 5, 6, 8, 9, 10, 11], [4, 6, 7, 8, 9, 10], [4, 6, 7, 9, 10]]"
161,"[[3, 4, 5, 7, 9, 11], [2, 4, 8, 9], [4, 5, 8, 11], [1, 5, 7, 10], [1, 3, 8, 10], [5, 6, 10], [3, 5, 10], [1, 2, 3, 5, 6, 7, 8, 10]]"
162,"[[2, 10, 11], [2, 3, 4, 6, 9], [1, 5, 6, 7, 8, 9, 10], [1, 5, 7, 8, 10, 11], [6, 11], [6, 7, 10], [3, 4, 7, 9], [1, 4, 5, 6, 7, 9, 10, 11]]"
163,"[[5, 7, 8], [5, 8, 10], [5, 6, 8, 10, 11], [1, 4, 7], [2, 3, 7], [2, 3, 4, 5, 7, 8, 10], [2, 4, 6, 8, 9, 11], [1, 2, 5, 8]]"
164,"[[1, 2, 4, 9, 11], [2, 4, 5, 6, 8, 10, 11], [2, 3, 6, 7], [1, 4, 7], [2, 4, 5, 6, 7, 10, 11], [1, 2, 3, 4, 5, 6, 7, 8], [1, 2, 4, 5, 7, 8, 9, 11], [2, 3, 4, 8, 9, 10, 11]]"
165,"[[1, 3, 5, 6, 7, 9], [1, 3, 4, 7, 11], [3, 4, 5, 6, 7], [4, 5, 6, 9], [1, 2, 3, 5, 8, 9, 11], [5, 6, 9, 10], [3, 4, 6, 9, 10, 11], [1, 2, 4, 5, 6, 7, 9, 11]]"
166,"[[3, 6, 7, 8, 9, 11], [1, 5, 8, 10, 11], [1, 2, 6, 9, 11], [1, 2, 3, 4, 6, 8, 9, 10], [2, 6, 7, 8, 9], [1, 3, 4, 6, 10, 11], [1, 3, 5, 7, 8, 9, 11], [1, 4, 6, 7, 8, 9, 10, 11]]"
167,"[[3, 7, 8, 9, 11], [1, 3, 7, 9, 10], [4, 6, 7, 9, 10], [2, 4, 5, 6, 8], [1, 2, 3, 9, 10, 11], [2, 3, 4, 5, 9], [3, 4, 7, 8, 9, 11], [1, 3, 4, 5, 7, 8, 11]]"
168,"[[1, 3, 5, 6], [1, 2, 5, 6, 9], [8, 9, 10], [1, 3, 10, 11], [1, 7, 8, 9], [1, 8, 9], [1, 6, 7, 9, 10, 11], [1, 4, 6, 7, 8, 10, 11]]"
169,"[[3, 4, 6, 8, 9, 10], [2, 4, 6, 10, 11], [2, 4, 7, 8, 10], [4, 5, 6, 7, 9, 10, 11], [1, 3, 6, 9, 10], [1, 3, 6, 9, 10], [2, 5, 7, 8, 9, 10], [1, 2, 3, 4, 5, 7, 11]]"
170,"[[2, 3, 4, 7, 8, 11], [1, 4, 6, 8, 9, 11], [5, 7, 8, 9, 10], [2, 7, 10, 11], [1, 2, 3, 8, 10], [1, 4, 7, 8, 11], [1, 2, 3, 9, 10, 11], [2, 7, 8, 11]]"
171,"[[4, 6, 9, 11], [4, 11], [2, 4, 5, 6, 7, 8, 9, 10, 11], [3, 4, 5, 6, 7, 8, 9, 11], [1, 2, 7, 9], [1, 2, 3, 4, 6, 7, 11], [2, 3, 4, 6, 7, 8, 11], [1, 4, 5, 7, 9, 11]]"
172,"[[1, 3, 9, 10], [3, 4, 5, 6, 11], [1, 3, 4, 5, 6, 8, 10], [1, 2, 4, 6, 8], [3, 4, 5, 6, 10, 11], [2, 3, 4, 6, 9, 10], [1, 5, 7, 9, 10, 11], [3, 4, 6, 7, 8, 10]]"
173,"[[2, 4, 5, 7], [3, 5, 9, 10, 11], [1, 2, 5, 8, 10], [5, 6, 7, 8, 9, 11], [4, 9, 10], [2, 4, 6, 7, 8, 9], [2, 5, 8, 11], [1, 2, 3, 4, 5, 8, 10]]"
174,"[[1, 4, 11], [2, 3, 4, 5, 7, 8, 11], [5, 6, 8, 9, 10, 11], [1, 2, 4, 8, 9, 10, 11], [3, 8, 9, 11], [1, 3, 5, 6, 8, 9, 10, 11], [2, 3, 4, 5, 8, 9], [1, 2, 3, 5, 7, 9, 10]]"
175,"[[1, 3, 4, 5, 8, 9, 10], [1, 2, 3, 5, 6, 7, 9, 11], [1, 7, 8, 11], [2, 5, 6, 7, 9], [2, 4, 8, 10], [1, 3, 5, 6, 8, 9, 11], [1, 3, 7, 10], [5, 6, 7, 11]]"
176,"[[3, 6, 10], [1, 2, 7, 8, 10], [1, 2, 3, 5, 8, 11], [1, 3, 4, 5, 7, 9, 10, 11], [3, 6, 7], [1, 3, 4, 6, 8, 9, 10, 11], [1, 2, 3, 5, 6, 8, 9], [1, 3, 4, 5, 6, 8, 11]]"
177,"[[1, 2, 3, 5, 6, 7, 8, 11], [2, 4, 5, 9, 11], [1, 2, 3, 7, 11], [2, 5, 8, 9, 10], [5, 7, 8, 9, 10], [2, 3, 5, 7, 9, 11], [3, 5, 8, 10], [2, 6, 8, 9, 11]]"
178,"[[2, 3, 5, 6, 7, 9, 10, 11], [1, 2, 7, 8, 11], [1, 2, 5, 6, 7, 9, 10], [1, 2, 3, 5, 7, 9, 10, 11], [1, 2, 7, 8, 9, 10, 11], [1, 6, 7, 8, 9, 11], [1, 4, 5, 8, 10], [2, 3, 4, 5, 6, 8, 9, 10, 11]]"
179,"[[2, 3, 4, 7, 8, 9, 11], [2, 7, 10, 11], [1, 3, 5, 6, 8, 9, 10, 11], [3, 6, 8, 10, 11], [4, 6, 8, 10, 11], [1, 2, 4, 8, 9, 10, 11], [1, 4, 8, 9, 11], [3, 8, 9, 10, 11]]"
180,"[[1, 2, 5, 8, 9, 10, 11], [4, 6, 7, 8], [1, 6], [1, 2, 3, 6, 7, 8], [1, 2, 3, 5, 7, 8, 10, 11], [1, 2, 3, 4, 8, 10, 11], [4, 6, 7, 8, 9, 11], [1, 3, 4, 5, 7, 8, 10, 11]]"
181,"[[1, 2, 3, 4, 5, 6, 10, 11], [3, 4, 7, 9, 10, 11], [3, 4, 6, 7, 8, 9, 10], [3, 6, 8, 9], [1, 4, 5, 11], [3, 6, 11], [1, 3, 7, 8, 9, 11], [1, 5, 7, 10]]"
182,"[[2, 4, 5, 6, 7, 11], [1, 5, 7], [2, 3, 6, 7, 9, 10, 11], [2, 3, 4, 5, 11], [1, 6, 8, 9], [1, 2, 4, 6, 8, 10, 11], [1, 3, 4, 6, 10], [1, 3, 4, 6, 9, 10, 11]]"
183,"[[1, 3, 5, 6, 8, 10, 11], [2, 3, 5, 8, 9, 10, 11], [2, 3, 4, 5, 7, 8, 11], [1, 2, 4, 5, 8, 9], [1, 2, 3, 4, 5, 9, 11], [5, 6, 9, 10], [3, 6, 7, 8, 9, 10, 11], [2, 3, 7, 8, 9, 11]]"
184,"[[1, 6, 11], [3, 4, 5, 8, 9, 11], [2, 9, 11], [2, 4, 5, 6, 7, 9, 10], [1, 2, 4, 8], [2, 3, 4, 5, 7, 8, 9, 10, 11], [3, 5, 6, 7, 9, 10], [3, 5, 8, 9, 10]]"
185,"[[1, 2, 5, 6, 9, 10, 11], [1, 2, 4, 6, 8, 9], [1, 2, 5, 6, 7, 9, 10, 11], [1, 2, 3, 5, 9], [4, 5, 6, 8, 9], [5, 6, 7, 8, 10], [1, 2, 3, 4, 7, 11], [1, 4, 7, 11]]"
186,"[[2, 3, 4, 7, 10], [1, 2, 3, 6], [1, 2, 3, 4, 5, 6, 7, 8, 10], [2, 3, 7, 9, 10], [1, 2, 5, 6, 7], [1, 2, 4, 5, 7, 8, 9, 10], [3, 4, 6, 7, 8, 11], [3, 4, 6, 7, 9, 10, 11]]"
187,"[[1, 2, 3, 4, 7, 9, 10, 11], [1, 2, 3, 5, 6, 8, 10, 11], [1, 3, 8, 9, 10, 11], [1, 5, 6, 7, 9], [1, 2, 5, 7, 8], [1, 2, 3, 5, 6, 8, 9], [1, 7, 8], [1, 6, 11]]"
188,"[[1, 4, 6, 7, 8], [1, 2, 3, 4, 5, 6, 7], [1, 2, 3, 11], [1, 7, 8, 11], [1, 2, 5, 10], [1, 3, 5, 7, 9, 11], [4, 5, 6, 7, 10], [1, 10]]"
189,"[[1, 3, 5, 7, 10, 11], [4, 5, 6, 7], [1, 2, 3, 5, 7, 8, 9, 10], [1, 2, 4, 5, 8], [2, 3, 4, 7, 8], [1, 4, 6, 8, 9], [6, 8, 9], [4, 5, 6, 7]]"
190,"[[1, 4, 7, 8], [6, 7, 9], [1, 2, 11], [2, 6, 7, 9, 10], [2, 3, 4, 7, 11], [1, 3, 5, 7, 9], [1, 3, 4, 5, 6, 7], [3, 7, 8, 9, 10, 11]]"
191,"[[1, 2, 6, 9, 11], [1, 3, 6, 7, 9, 10], [2, 3, 4, 5, 7, 8], [3, 5, 7, 9], [5, 6, 8, 10], [1, 4, 7, 8, 9, 11], [1, 4, 5, 6, 9, 10], [1, 4, 5, 7, 9]]"
192,"[[1, 2, 3, 4, 5, 7, 8], [3, 4, 7, 8, 10, 11], [4, 6, 7, 9], [1, 2, 4, 10, 11], [1, 3, 5, 6, 7, 9, 10], [2, 4, 6, 8, 10, 11], [3, 5, 8, 10, 11], [1, 2, 4, 5, 8, 9, 10, 11]]"
193,"[[4, 5, 7, 9, 10], [4, 5, 6, 8, 11], [2, 3, 5, 6, 7, 8, 10], [1, 2, 4, 5, 6, 7, 9], [2, 5, 6, 7, 9, 10, 11], [1, 3, 5, 6, 8, 10], [3, 4, 7, 9], [3, 5, 7, 8, 9, 10]]"
194,"[[1, 4, 7, 8, 9, 10], [1, 6, 7, 9], [3, 4, 5, 6, 8, 9], [1, 6, 7, 8], [3, 4, 8], [1, 2, 3, 5, 6], [4, 10], [1, 4, 6, 8, 9, 11]]"
195,"[[2, 4, 6, 11], [3, 5, 6, 7], [4, 5, 6, 10, 11], [3, 4, 7, 9, 10], [2, 3, 4, 5, 8, 10, 11], [1, 3, 4, 5, 6, 7, 8], [1, 2, 4, 6, 8, 11], [2, 5, 6, 8, 11]]"
196,"[[2, 3, 5, 6, 7, 8, 9], [1, 3, 4, 7, 8, 9], [6, 7, 8, 9, 11], [1, 2, 3, 4, 9, 11], [1, 3, 5, 6, 9], [5, 8, 11], [3, 6, 7, 8, 9, 11], [2, 4, 6, 7, 8, 10, 11]]"
197,"[[2, 3, 5, 6, 7, 8, 9], [2, 4, 5, 7, 8, 9, 11], [4, 9, 11], [2, 6, 7, 8, 10], [1, 3, 7, 8, 10], [1, 5, 6, 7, 9], [2, 3, 4, 9, 11], [2, 6]]"
198,"[[2, 4, 5, 6, 8, 9, 11], [2, 3, 6, 7, 8, 10], [1, 2, 4, 5, 7, 8, 9, 10], [1, 2, 4, 5, 6, 8, 11], [2, 6, 8, 9, 11], [1, 4, 6, 8, 10], [7, 9, 10, 11], [1, 2, 4, 10]]"
199,"[[4, 6], [3, 4, 5, 6, 7, 9, 10], [1, 7, 9, 11], [7, 8], [2, 7, 8, 10], [3, 4, 8, 9], [2, 3, 5, 6, 8, 9], [1, 3, 5, 6, 10, 11]]"
200,"[[1, 3, 4, 5, 7, 9, 10, 11], [1, 2, 4, 8, 9, 11], [1, 3, 4, 5, 6, 11], [1, 2, 3, 5, 7, 9, 10], [1, 2, 4, 5, 7, 9, 10], [1, 6, 7, 9, 11], [7, 8, 9, 11], [1, 4, 7, 8, 10, 11]]"
201,"[[5, 8, 10, 11], [1, 3, 4, 8, 9, 10, 11], [1, 4, 6, 8], [2, 3, 5, 6, 9, 11], [1, 2, 4, 6, 10, 11], [1, 3, 4, 9, 11], [2, 6, 7, 8, 9, 11], [4, 5, 7, 8, 10]]"
202,"[[1, 2, 3, 4, 5, 7, 8, 10, 11], [1, 7, 9, 10, 11], [1, 3, 9], [2, 6, 7, 8, 9, 11], [1, 3, 4, 8, 10], [3, 4, 5, 7], [2, 5], [1, 3, 4, 5, 6, 7, 11]]"
203,"[[3, 4, 6, 9], [1, 2, 3, 4, 5, 6, 7, 9], [1, 4, 5, 6, 9], [1, 5, 8, 9, 10, 11], [1, 2, 4, 5, 8, 9, 10], [3, 9], [2, 3, 4, 6, 7, 8, 9, 11], [2, 3, 4, 5, 8, 10, 11]]"
204,"[[1, 2, 3, 4, 5, 6, 9], [1, 6, 7, 9, 11], [1, 3, 4, 7, 8, 10, 11], [3, 4, 5, 6, 9], [1, 2, 4, 5, 6, 7, 8, 9, 11], [6, 8, 9], [3, 4, 5, 8, 11], [1, 2, 5, 6]]"
205,"[[3, 7, 8, 9, 11], [2, 4, 5, 7, 9, 11], [2, 3, 5, 6, 7, 10], [2, 5, 6, 7, 9, 10, 11], [1, 2, 5, 6, 7, 10, 11], [2, 3, 4, 5, 7, 8, 9, 10, 11], [1, 2, 3, 4, 5, 6, 8], [1, 2, 3, 4, 6, 7, 8, 9, 11]]"
206,"[[1, 2, 3, 6, 8], [1, 6, 8, 9, 10, 11], [1, 3, 8, 9, 11], [1, 2, 4, 5, 6, 9, 11], [2, 6, 7, 11], [9, 10, 11], [4, 5, 9, 10], [2, 3, 6, 7, 10, 11]]"
207,"[[1, 2, 3, 10], [7, 8, 10, 11], [2, 6, 8, 9, 11], [3, 5, 9, 11], [1, 2, 3, 8, 9, 11], [2, 3, 5, 7, 8, 9, 11], [6, 8, 10], [5]]"
208,"[[1, 2, 3, 4, 5, 6, 8, 9], [1, 5, 10], [3, 4, 6, 8, 9, 10], [2, 5, 6, 11], [2, 4, 5, 6, 7, 9, 10], [3, 4, 7, 10, 11], [2, 3, 5, 8, 9, 11], [2, 3, 4, 5, 9]]"
209,"[[4, 5, 6, 7], [1, 2, 3, 5, 7], [1, 2, 3], [1, 5, 7, 9, 10, 11], [1, 7, 8, 9, 10], [1, 2, 3, 6, 7, 9, 10], [3, 5, 7, 11], [1, 2, 4, 7, 8, 10]]"
210,"[[3, 5, 6, 7, 9], [1, 5, 10], [1, 2, 4, 5, 6, 7, 8, 9, 10, 11], [3, 5, 7, 9, 10], [3, 4, 10, 11], [1, 3, 4, 5, 6, 7, 8, 11], [1, 3, 4, 5, 9, 10], [1, 3, 4, 5, 7, 9, 11]]"
211,"[[1, 3, 4, 5, 8, 9], [1, 4, 6, 8, 9], [2, 3, 5, 6, 8, 10, 11], [3, 6, 7, 8, 10, 11], [1, 3, 9], [2, 3, 7, 8, 10, 11], [2, 6, 7], [2, 4, 6, 7, 8, 9]]"
212,"[[1, 5, 6, 7, 9, 11], [2, 4, 5, 6, 7, 9, 10], [1, 5, 8, 9], [1, 2, 3, 4, 6, 8, 10], [1, 2, 4, 5, 7, 8, 10, 11], [3, 4, 5, 6, 7, 11], [1, 4, 5, 6, 11], [1, 3, 6, 7, 8, 9]]"
213,"[[1, 3, 8, 10, 11], [1, 2, 5, 6, 10, 11], [1, 3, 4, 5, 8, 9, 10], [2, 5, 6, 7, 9, 10], [1, 4, 5, 7, 8], [1, 2, 10], [1, 6, 7, 10, 11], [1, 3, 7, 11]]"
214,"[[1, 2, 5, 10, 11], [2, 3, 5, 7, 9, 11], [1, 5, 6, 10], [2, 4, 5, 7, 8, 9], [1, 2, 3, 4, 5, 7, 8, 9], [1, 2, 4, 6, 8], [3, 5, 6, 7, 10, 11], [2, 3, 4, 6, 10]]"
215,"[[1, 2, 6, 7, 11], [1, 2, 4, 8, 9, 11], [1, 2, 11], [1, 2, 5, 6, 7, 8, 9, 11], [3, 4, 6, 9, 10, 11], [2, 5], [2, 3, 4, 6], [2, 4, 5, 7, 8, 10, 11]]"
216,"[[1, 2, 3, 5, 11], [1, 2, 4, 5, 7, 8, 9], [1, 3, 4, 5, 7, 9, 10], [1, 4, 5, 9], [1, 3, 4, 7], [1, 4, 6, 7, 8], [3, 4, 10, 11], [1, 2, 3, 5, 8, 9, 11]]"
217,"[[3, 4, 5, 7, 8], [6, 7, 8, 9, 10], [1, 3, 4, 9], [5, 6, 8, 9, 10], [2, 3, 4, 5, 6, 8, 9, 10], [2, 3, 6, 7], [4, 5, 8, 9, 10], [1, 5, 6, 8, 10, 11]]"
218,"[[1, 3, 10], [2, 4, 5, 6, 7, 11], [2, 3, 4, 11], [1, 4, 6, 7, 8, 9, 11], [1, 2, 4, 6, 8, 11], [4, 5, 6, 8, 11], [3, 5], [1, 2, 4, 7, 10, 11]]"
219,"[[2, 4, 6, 8, 10], [1, 4, 9, 10, 11], [1, 2, 3, 4, 5, 6, 8], [2, 10], [4, 5, 6, 7, 8, 11], [1, 3, 4, 8, 9], [1, 3, 7, 8, 10], [1, 4, 5, 8, 11]]"
220,"[[2, 3, 6, 10, 11], [3, 4, 5, 6, 7], [3, 5, 6, 9, 10, 11], [2, 3, 5, 6, 8], [1, 2, 3, 4, 5, 8, 9], [2, 5, 6, 7, 8, 9, 11], [1, 2, 5, 7, 8, 10, 11], [1, 3, 4, 7, 9, 10]]"
221,"[[4, 8, 9], [1, 2, 4, 6, 8], [9, 10, 11], [2, 5, 6], [1, 2, 5, 7, 8, 9, 10], [2, 5, 6, 8, 9], [4, 7, 9, 10], [2, 3, 6, 7, 8]]"
222,"[[1, 3, 5, 7, 9], [2, 4, 5, 6, 7, 8, 9], [2, 3, 4, 5, 6, 7, 9, 11], [2, 3, 4, 5, 6, 7, 8, 9, 11], [1, 2, 4, 7, 8, 9, 11], [1, 3, 5, 8, 9, 11], [2, 4, 6, 8, 9], [1, 3, 6, 8, 9, 10]]"
223,"[[2, 3, 4, 8, 10], [4, 5, 6, 7, 11], [1, 4, 5, 8, 9, 11], [1, 2, 4, 5, 6, 7, 9, 11], [5, 6, 7, 8, 10, 11], [2, 4, 5, 6], [1, 3, 6, 9, 11], [3, 4, 6, 8, 11]]"
224,"[[1, 3, 5, 6, 7, 9, 11], [2, 4, 6, 7, 10], [1, 4, 5, 8, 9], [6, 8, 10], [1, 4, 5, 6, 7, 8], [1, 2, 5, 6, 8, 9, 10, 11], [2, 3, 4, 5, 6, 8, 9, 11], [2, 3, 7, 9, 10, 11]]"
225,"[[1, 3, 4, 9, 11], [1, 2, 3, 4, 6, 9, 10, 11], [1, 3, 5, 6, 7, 8, 10, 11], [2, 3, 5, 6, 7, 8, 9], [4, 5, 9], [1, 2, 3, 4, 6, 7, 8, 10, 11], [1, 2, 3, 4, 5, 7, 8, 9, 10], [1, 2, 5, 9]]"
226,"[[1, 2, 9, 10], [2, 5, 7, 8, 9, 10], [1, 3, 5, 6, 9, 11], [6, 7, 9], [1, 5, 7, 8, 9, 10], [3, 4, 6, 7], [2, 6, 7, 8, 10, 11], [1, 2, 3, 6, 8, 11]]"
227,"[[2, 3, 5, 9, 10, 11], [3, 5, 7, 8, 10], [1, 2, 3, 6, 8, 9], [3, 4, 8], [5, 6, 7, 8, 11], [1, 4, 5, 6, 7, 10, 11], [7, 11], [1, 2, 4, 11]]"
228,"[[2, 3, 4, 6, 10, 11], [1, 2, 4, 5, 8, 9], [3, 6, 9, 10], [3, 5, 6, 11], [1, 2, 3, 4, 5, 7, 9, 10], [1, 4, 7, 10, 11], [1, 2, 3, 5, 8], [1, 2, 3, 6, 7, 10]]"
229,"[[1, 3, 4, 6, 7, 8, 9], [1, 2, 4, 6, 8, 10], [2, 4, 5, 6, 9, 11], [1, 3, 5, 7, 10], [1, 2, 3, 5, 6, 8, 10, 11], [1, 5, 6, 10], [1, 2, 3, 7, 8, 11], [1, 3, 6, 8, 9]]"
230,"[[1, 2, 3, 4, 6, 8], [2, 3, 5, 9, 10], [2, 4, 5, 6, 7, 9, 11], [7, 8, 9], [2, 6, 7, 8, 11], [3, 7, 8, 10, 11], [3, 4, 5, 6, 7, 8, 9, 11], [3, 6, 7, 8, 11]]"
231,"[[1, 5, 8, 9, 10], [1, 4, 6, 8, 10, 11], [1, 2, 3, 4, 7, 9, 11], [1, 3, 8, 9, 10, 11], [3, 9], [1, 4, 5, 8, 9], [5, 10, 11], [1, 2, 3, 6, 7, 11]]"
232,"[[1, 2, 3, 5, 6, 9, 10], [1, 7, 9, 10, 11], [1, 2, 4, 7, 9], [2, 4, 5, 7, 8], [1, 3, 4, 5, 6, 7, 8, 10, 11], [1, 3, 5, 6, 7], [3, 5, 8, 9, 10], [4, 6, 8, 9, 10]]"
233,"[[1, 2, 3, 4, 10], [1, 2, 3, 5, 8, 9, 10], [2, 3, 4, 8, 10, 11], [3, 4, 7, 9, 10, 11], [1, 2, 3, 5, 6, 7, 9], [1, 5, 6, 10, 11], [2, 3, 7, 10, 11], [3, 8, 9, 10]]"
234,"[[1, 3, 4, 5, 8, 10, 11], [2, 5, 6, 8, 11], [2, 3, 5, 6, 9], [1, 2, 5, 8, 10, 11], [1, 3, 5, 6, 8, 9, 10], [1, 4, 8, 10], [1, 2, 4, 6, 7, 11], [1, 3, 5, 8, 9]]"
235,"[[1, 2, 3, 6, 8, 9, 11], [1, 2, 6, 7, 11], [1, 2, 3, 4, 5, 10, 11], [1, 3, 4, 6, 9, 11], [1, 2, 6, 8, 10], [1, 3, 4, 5, 7, 8, 9, 10, 11], [1, 6, 7, 8, 9], [1, 2, 3, 5, 8, 10, 11]]"
236,"[[1, 2, 3, 4, 9], [1, 4, 6, 8, 10, 11], [1, 4, 5, 6, 10, 11], [2, 4, 6, 7, 8, 11], [1, 3, 6, 7, 9], [1, 2, 4, 7, 9, 10, 11], [3, 7, 9, 11], [3, 4, 5, 6, 7, 8, 9]]"
237,"[[2, 3, 4, 6], [2, 3, 4, 5, 9, 10], [3, 4, 7, 9, 10, 11], [4, 6, 7, 9, 10, 11], [1, 2, 4, 5, 6, 7, 9, 10], [4, 5, 6, 8, 11], [2, 3, 5, 7, 9, 11], [1, 3, 5, 7]]"
238,"[[4, 9, 10, 11], [1, 3, 5, 7, 11], [1, 2, 3, 5, 6, 7, 8, 9], [1, 3, 5, 6, 7, 8, 11], [1, 3, 5, 8], [4, 8, 9], [5, 8, 10, 11], [1, 3, 4, 6, 7, 8, 11]]"
239,"[[2, 4, 10, 11], [3, 4, 6, 9, 10], [3, 5, 6, 7, 9, 10, 11], [4, 10, 11], [1, 4, 6, 8, 9], [1, 4, 5, 7, 9, 11], [2, 3, 4, 5, 7, 8, 11], [1, 2, 3, 5, 7, 10, 11]]"
240,"[[1, 2, 4, 6, 8, 10, 11], [1, 3, 4, 5, 7, 8, 9, 10], [1, 2, 5, 6, 7, 9, 10, 11], [3], [2, 4, 5, 6, 7, 10, 11], [1, 2, 5, 7, 10], [1, 2, 3, 4, 5, 6, 8, 9, 11], [1, 2, 6, 7, 9]]"
241,"[[1, 3, 10, 11], [1, 2, 3, 4, 5, 7, 11], [1, 3, 7, 8, 10, 11], [2, 3, 4, 6], [5, 7, 10], [2, 3, 4, 5, 6, 8, 9, 10, 11], [3, 4, 7, 11], [1, 7, 10]]"
242,"[[1, 2, 4, 8, 10], [1, 2, 7, 8, 9, 10, 11], [1, 2, 5, 6, 8], [2, 4, 9], [3, 4, 9, 11], [3, 4, 6, 7, 9, 10, 11], [1, 3, 4, 7, 10, 11], [1, 2, 4, 6, 7, 8, 10, 11]]"
243,"[[2, 4, 5, 9, 10, 11], [3, 4, 6, 8, 9, 10, 11], [1, 3, 7, 9, 10], [2, 3, 7, 9, 11], [2, 5, 8, 9], [1, 2, 5, 8, 9, 11], [1, 2, 5, 8, 9, 10], [1, 4, 6, 7, 8, 10]]"
244,"[[3, 5, 6, 8, 11], [2, 3, 6, 9, 10], [3, 4, 6, 9, 11], [1, 2, 4, 6, 9], [2, 4, 6, 9, 11], [2, 7, 10], [1, 2, 3, 5, 6, 9, 10], [2, 4, 5, 6, 7, 8, 11]]"
245,"[[5, 7, 9], [1, 2, 3, 5, 6, 9], [1, 2, 4, 5, 8, 9], [1, 2, 7, 10, 11], [3, 4, 6, 9, 11], [3, 4, 5, 9, 10, 11], [5, 6, 7], [1, 2, 3, 4, 6, 7, 9, 10, 11]]"
246,"[[1, 2, 3, 7, 11], [1, 2, 4, 5, 6, 7, 8, 9, 11], [1, 2, 3, 4, 5, 8, 11], [2, 4, 6, 7, 8, 9, 11], [1, 4, 5, 8, 9, 10, 11], [3, 5, 7, 10], [2, 5, 7], [1, 2, 4, 7, 10]]"
247,"[[1, 3, 7, 10], [3, 6, 7, 9, 11], [2, 3, 7, 8, 9], [1, 2, 5, 6, 8, 9, 10], [3, 7, 8, 10, 11], [1, 2, 3, 4, 5, 6, 7, 8, 10, 11], [3, 4, 7, 10], [1, 2, 5, 6, 7, 8, 10, 11]]"
248,"[[1, 2, 3, 8], [2, 4, 7, 8, 9, 11], [4, 5, 6, 7, 10, 11], [1, 3, 4, 7, 8, 11], [1, 2, 4, 5, 6, 8, 11], [2, 5, 7, 11], [1, 3, 4, 6, 7, 9, 10], [2, 3, 4, 5, 7, 8, 10, 11]]"
249,"[[3, 5, 6, 7, 10], [2, 5, 6, 7, 11], [3, 6, 9, 11], [2, 3, 5, 7, 9, 10], [4, 5, 7, 9, 11], [3, 7], [8], [2, 6, 9, 11]]"
250,"[[1, 4, 11], [4, 5, 7, 9], [3, 4, 6, 7, 9, 10], [1, 2, 5, 6, 8, 9, 10, 11], [2, 4, 5, 7, 9, 10, 11], [4, 6, 7, 8, 10], [2, 6, 7, 8, 11], [3, 5, 7, 8, 10, 11]]"
251,"[[1, 2, 5, 6, 8, 9, 10, 11], [1, 3, 6, 8, 10, 11], [4, 5, 7], [1, 4, 7, 8, 9, 10], [1, 2, 4, 5, 8], [2, 3, 4, 6, 9, 10], [2, 4, 6, 9, 10], [5, 7, 9, 11]]"
252,"[[2, 3, 4, 5, 6, 8], [6, 7, 9, 10], [1, 4, 7, 8], [2, 4, 6, 7, 8, 9, 10, 11], [2, 4, 6, 9, 10, 11], [1, 3, 4, 6, 7, 8, 11], [1, 7, 9], [1, 2, 4, 5, 6, 7, 9]]"
253,"[[2, 3, 4, 6, 7, 8, 11], [4, 8, 11], [1, 4, 5, 8, 9], [3, 6, 9], [1, 2, 6, 7, 9, 10, 11], [2, 3, 5, 9, 10, 11], [1, 2, 9, 11], [1, 3, 6]]"
254,"[[1, 2, 3, 6, 9, 10, 11], [2, 4, 5, 8, 11], [1, 5, 7, 8, 9, 10, 11], [1, 2, 3, 4, 5, 7, 11], [4, 6, 7, 8, 9], [5, 7, 9, 10], [1, 2, 3, 8], [2, 4, 5, 6, 9, 10, 11]]"
255,"[[3, 6, 7, 9, 10], [1, 3, 4, 7, 8, 9, 10, 11], [3, 4, 7, 8, 10, 11], [2, 4, 5, 8, 10, 11], [3, 5, 11], [1, 3, 4, 5, 6, 7, 8, 9], [1, 3, 4, 7, 8, 11], [1, 4, 5, 9, 10, 11]]"
256,"[[1, 10], [1, 2, 3, 4, 5, 8, 9, 11], [1, 3, 6, 7, 9, 11], [1, 2, 3, 5, 7, 11], [7, 9, 11], [2, 3, 6, 8], [1, 2, 3, 4, 5, 6, 7, 8, 9], [1, 5, 6, 9]]"
257,"[[2, 3, 4, 6, 7, 11], [1, 3, 6, 7, 8, 9, 10], [4, 5, 7, 8, 10, 11], [5, 6, 8, 10, 11], [1, 5, 6], [3, 6, 8, 9, 10, 11], [3, 5, 6, 8, 11], [4, 5, 6, 7, 9, 10, 11]]"
258,"[[2, 4, 5, 6, 7, 8, 9, 11], [1, 5, 7, 10, 11], [2, 4, 6, 7, 9], [2, 3, 4, 5, 11], [1, 2, 4, 5, 8, 9, 10, 11], [2, 4, 7], [2, 3, 7, 8, 10], [3, 4, 6, 10, 11]]"
259,"[[6, 7, 9, 11], [1, 3, 4, 5, 7, 8, 9], [4], [1, 4, 5, 6, 8, 9, 11], [2, 3, 5, 8, 11], [6, 8, 9, 10, 11], [1, 3, 5, 6, 8, 10, 11], [2, 4, 6, 8, 10]]"
260,"[[2, 3, 7, 9, 10], [3, 4, 8, 10], [1, 3, 4, 6, 10], [4, 5, 7, 8, 9, 10], [4, 6, 7, 10], [7, 8, 10, 11], [3, 5, 7, 8, 9, 11], [1, 4, 5, 6, 7, 8, 9, 11]]"
261,"[[1, 3, 5, 6, 8, 9, 11], [1, 2, 6], [4, 5, 7, 8], [3, 5, 6], [1, 2, 3, 5, 7, 8, 9, 11], [1, 4, 5, 6, 7], [1, 3, 8, 9, 11], [1, 2, 4, 5]]"
262,"[[2, 6, 7], [3, 4, 5, 6, 10, 11], [2, 7, 10, 11], [6, 7, 9], [1, 4, 5, 6, 7, 8, 9], [1, 4, 8], [3, 5, 6, 8], [3, 6, 8, 11]]"
263,"[[1, 4, 5, 8, 9, 11], [1, 2, 4, 9], [1, 5, 7, 10, 11], [1, 4, 5, 6, 10, 11], [2, 3, 4, 7, 8, 9, 11], [3, 4, 7, 8], [3, 4, 7, 8, 11], [2, 3, 4, 7]]"
264,"[[1, 2, 5, 6, 10], [1, 2, 3, 4, 5, 6, 7, 8, 10, 11], [2, 4, 7, 8, 9, 10, 11], [2, 3, 4, 5, 6, 9, 10, 11], [2, 4, 10, 11], [5, 7, 9, 11], [5, 6, 7, 10, 11], [3, 4, 5, 8]]"
265,"[[1, 2, 3, 4, 5, 8, 10, 11], [2, 4, 6, 9, 10], [1, 6, 9, 11], [3, 10, 11], [2, 3, 6, 7, 8, 9, 10, 11], [1, 3, 4, 6, 8, 10, 11], [1, 2, 3, 4, 5, 7, 8, 10], [1, 4, 5, 6, 10, 11]]"
266,"[[1, 2, 6, 9, 10, 11], [1, 3, 4, 5, 6, 8, 10], [1, 3, 9], [1, 4, 5, 8], [3, 8, 9, 10, 11], [1, 3, 5], [3, 5, 6, 8, 10, 11], [2, 3, 6, 8]]"
267,"[[3, 5, 8, 9, 10, 11], [1, 2, 5, 9, 11], [1, 2, 3, 4, 5, 6, 7, 9, 10, 11], [1, 7, 9, 11], [1, 2, 6, 7, 8, 10, 11], [2, 5, 6, 8], [1, 2, 3, 4, 8, 9, 10], [1, 3, 4, 6, 9, 10]]"
268,"[[2, 3, 4, 6, 8, 9, 10], [1, 2, 3, 4, 7, 8, 9], [2, 3, 5, 6, 8, 9], [2, 5, 6, 8, 9, 10, 11], [3, 4, 5, 10], [1, 2, 4, 5, 9, 10], [1, 2, 3, 5, 6, 8], [2, 9, 11]]"
269,"[[3, 6, 8, 9], [2, 3, 6, 8, 9], [1, 2, 4, 5, 6, 8], [4, 5, 6, 7, 8, 10, 11], [1, 2, 3, 5, 8, 10, 11], [1, 2, 5, 7, 9, 11], [1, 4, 5, 7, 10, 11], [1, 4, 5, 6, 7, 8, 9, 11]]"
270,"[[3, 5, 6, 7, 8, 9, 10], [1, 3, 4, 6, 8, 9, 10], [1, 3, 5, 6, 8], [2, 3, 4, 8, 9, 11], [3, 4, 5, 6], [1, 2, 6, 7, 9, 10, 11], [2, 6, 8, 9, 11], [4, 7, 8, 10]]"
271,"[[1, 2, 4, 5, 7, 8, 11], [2, 5, 10, 11], [2, 3, 7, 8, 9, 10, 11], [2, 3, 7, 11], [1, 7, 8, 9], [2, 3, 7, 9, 10], [1, 3, 6, 8, 9, 11], [1, 3, 4, 6, 7, 8, 11]]"
272,"[[1, 2, 3, 4, 5, 6, 8, 9, 10], [3, 4, 5, 7, 8, 11], [1, 2, 4, 6, 7, 8, 9, 10, 11], [1, 3, 5, 9, 10, 11], [1, 2, 3, 7, 8, 9], [4, 5, 6, 7, 8, 9, 10, 11], [1, 4, 5, 6, 7, 8, 9, 10, 11], [3, 7, 10]]"
273,"[[3, 4, 5, 7, 8, 9, 11], [2, 3, 4, 5, 8, 11], [7, 10, 11], [1, 5, 6, 7, 10, 11], [1, 2, 8, 10, 11], [1, 2, 3, 4, 5, 8, 10], [1, 6, 7], [2, 4, 5, 6, 8, 9]]"
274,"[[1, 4, 8, 9], [2, 3, 5, 6, 8], [1, 6, 8, 9], [1, 4, 5, 6, 9], [2, 3, 4, 9, 10], [1, 3, 5, 7, 10, 11], [3, 5, 8], [1, 4, 6, 8, 9]]"
275,"[[1, 2, 6, 7, 9, 11], [1, 8, 10, 11], [3, 4, 5, 6, 7, 9, 10, 11], [2, 3, 7, 9, 11], [1, 3, 6, 8, 10, 11], [2, 4, 6, 8, 11], [1, 2, 3, 4, 5, 7, 10, 11], [1, 2, 4, 5, 7, 10]]"
276,"[[1, 7, 9, 10], [3, 8, 9, 10], [2, 4, 5, 8, 11], [1, 2, 5, 6, 7, 8, 9], [1, 2, 3, 5, 8, 9, 10, 11], [1, 2, 3, 5, 6, 9, 10], [1, 2, 5, 6, 8, 9], [1, 2, 4, 5, 7, 8, 11]]"
277,"[[5, 6, 7], [1, 2, 10], [3, 4, 5, 6, 7, 8, 11], [1, 2, 3, 4, 9, 11], [1, 4, 6, 8], [1, 2, 3, 4, 5], [3, 5, 7, 8, 9, 11], [2, 4, 5, 6, 9, 10, 11]]"
278,"[[1, 2, 3, 4, 7, 11], [1, 5, 8, 9, 11], [1, 2, 6, 8, 9, 11], [1, 4, 7, 8], [1, 2, 5, 6, 7, 8], [1, 3, 4, 5, 8, 11], [1, 2, 4], [6, 7, 8, 9, 10, 11]]"
279,"[[1, 2, 5, 6, 7, 8, 10, 11], [2, 3, 6, 7, 9], [1, 2, 4, 5, 10, 11], [6, 10, 11], [3, 5, 6, 8, 9, 10, 11], [1, 2, 4, 7, 8, 9, 10, 11], [1, 4, 5, 6, 8, 11], [1, 3, 7, 8, 11]]"
280,"[[3, 4, 5, 7, 9, 11], [1, 2, 4, 5, 6, 8, 9, 10], [4, 5, 7, 8, 9], [1, 2, 4, 6, 7, 11], [3, 5, 6, 7, 8], [2, 4, 5, 8, 11], [3, 5, 6, 7, 9, 10, 11], [4, 5, 7, 11]]"
281,"[[2, 3, 6, 9, 10], [2, 4, 5, 6, 7, 8, 9], [1, 4, 7, 8, 9, 11], [2, 4, 6, 8, 9, 11], [1, 6, 8, 10, 11], [1, 4, 5, 11], [1, 3, 6, 7, 8, 9, 11], [1, 2, 5, 9, 10]]"
282,"[[1, 3, 8, 9], [1, 6, 7, 9, 11], [3], [1, 2, 3, 5, 6, 8, 9, 10], [2, 3, 4, 8, 11], [1, 4, 5, 7, 8, 9], [2, 3, 4, 6, 7, 8, 11], [2, 3, 8, 9, 10, 11]]"
283,"[[2, 3, 4, 5, 7, 9, 10], [1, 2, 3, 5, 10, 11], [3, 5, 6, 8, 9, 10, 11], [1, 2, 3, 4, 6, 9], [1, 2, 3, 5, 7, 8, 11], [2, 4, 5, 6], [1, 3, 4, 7], [5, 6, 7, 8, 10]]"
284,"[[1, 2, 8], [3], [1, 2, 3, 4, 7, 11], [1, 4, 5, 6, 7, 8, 11], [3, 5, 6, 11], [4, 6, 7, 8, 10], [1, 2, 3, 4, 6, 7, 8, 9, 10, 11], [1, 4, 5, 6, 7, 8, 11]]"
285,"[[1, 3, 5, 11], [1, 5, 6, 7, 8, 9, 10, 11], [1, 2, 3, 5, 7, 11], [1, 2, 5, 6, 7, 9, 10], [2, 4, 5, 7, 8], [3, 4, 6, 7, 8, 9, 10, 11], [1, 6, 7, 9, 10], [1, 5, 7, 8, 9, 10, 11]]"
286,"[[1, 3, 4, 10], [1, 2, 3, 6, 7, 8, 9, 11], [2, 3, 4, 5, 8, 10], [1, 2, 3, 5, 11], [2, 3, 4, 7, 8, 9], [2, 3, 4, 6, 7, 10, 11], [4, 5, 6, 7], [2, 3, 5, 6, 7, 10, 11]]"
287,"[[3, 6, 10, 11], [2, 3, 4, 5, 6, 8, 9], [2, 5, 7], [6, 7, 11], [5, 7, 9, 10], [1, 4, 6, 7, 8, 9, 10, 11], [2, 3, 6, 7, 9, 10], [1, 4, 7, 8]]"
288,"[[1, 4, 5, 6, 7, 8], [1, 4, 6, 8, 10], [3, 5, 8, 11], [2, 3, 5, 6, 7, 8, 9, 11], [1, 9], [1, 2, 5, 7, 8], [1, 5, 8, 9, 10], [1, 2, 4, 6, 8, 9, 10]]"
289,"[[3, 4, 5, 6, 7, 10], [3, 5, 8, 9, 10, 11], [3, 4, 6, 7, 9, 10, 11], [3, 9, 10, 11], [6, 7, 8, 10, 11], [1, 2, 5, 7, 8], [1, 2, 3, 4, 6, 8, 9, 10], [1, 3]]"
290,"[[4, 6, 7, 10, 11], [2, 3, 4, 6, 7, 8, 10, 11], [3, 5, 8, 9], [2, 4, 7, 11], [1, 2, 5, 6, 8], [2, 5, 6, 8, 9, 10], [3, 5, 6, 7, 8, 10, 11], [1, 4, 5, 6, 7, 8, 9, 10]]"
291,"[[2, 3, 5, 6, 9, 10, 11], [1, 3, 9, 11], [1, 3, 4, 5, 7, 9, 10], [1, 3, 5, 8, 11], [1, 3, 4, 5, 6, 10, 11], [2, 4, 5, 6, 8], [1, 2, 5, 7, 10], [6, 7]]"
292,"[[1, 2], [1, 2, 4, 5, 6, 7, 9], [1, 2, 3, 6, 8, 10], [3, 4, 5, 7, 9, 10], [2, 3, 4, 6, 8, 9, 11], [3, 4, 5, 7, 8, 11], [2, 4, 5, 7, 8], [2, 3, 4, 5, 7, 8, 10]]"
293,"[[2, 4, 6, 8, 9, 10], [2, 3, 4, 5, 7, 8, 9, 10], [5, 7, 11], [1, 5, 8, 9, 10, 11], [2, 5, 6, 7, 10], [3, 5, 6, 7, 10], [1, 4, 5, 6, 7, 9], [4, 5, 6, 7, 10, 11]]"
294,"[[1, 4, 5, 6, 7, 10], [10], [4, 5, 7, 8, 11], [4, 5, 6, 7, 10], [1, 2, 6, 8, 9], [2, 5, 6, 8, 9, 11], [6, 7, 8, 10, 11], [1, 3, 4, 6, 7, 11]]"
295,"[[2, 4, 6, 8, 10], [4, 5, 6, 7, 8, 9, 10], [1, 3, 6, 7, 9], [3, 4, 7], [2, 3, 4, 7, 10, 11], [1, 6, 9], [1, 3, 5, 6, 7, 9, 10, 11], [4, 7, 11]]"
296,"[[1, 3, 5, 6, 8, 11], [3, 5, 6, 8, 9, 10], [1, 3, 4, 5, 7, 8, 10, 11], [3, 4, 10], [1, 6, 9], [3, 4, 5, 7, 8, 10, 11], [1, 2, 3, 4, 7, 8, 9], [1, 2, 10]]"
297,"[[1, 3, 4, 5, 6, 9, 10, 11], [1, 3, 4, 5, 6], [1, 3, 5, 7, 10, 11], [1, 4, 5, 8, 10, 11], [6, 8, 10, 11], [4, 5, 9], [2, 3, 4, 5, 9, 10, 11], [3, 6, 8, 9, 10, 11]]"
298,"[[1, 4, 6, 8, 9, 11], [2, 3, 4, 6, 7], [1, 2, 3, 5, 6, 8, 9, 10], [1, 4, 5], [3, 5, 6, 11], [2, 10], [1, 2, 3, 8, 10, 11], [3, 5, 6, 7, 8, 11]]"
299,"[[1, 2, 3, 4, 5, 10], [1, 4, 6, 7, 10], [4, 6, 7, 11], [1, 4, 5, 7, 8, 9, 11], [1, 3, 4, 5, 6, 7, 8, 10], [2, 4, 5, 7, 10, 11], [2, 5, 6, 9, 10, 11], [1, 2, 4, 5, 7, 11]]"
300,"[[1, 2, 5, 6, 7, 8, 9, 10, 11], [2, 5, 6, 7, 9, 10], [2, 4, 5, 6, 7, 9, 10], [2, 5, 6, 8, 9, 11], [3, 5, 6, 11], [1, 4, 5, 7, 9, 10], [3, 6, 8, 11], [2, 6, 7, 10]]"
301,"[[1, 2, 7, 11], [1, 2, 3, 4, 5, 7, 8, 10], [3, 4, 5, 7, 10], [1, 4, 8, 10], [1, 2, 3, 5, 6, 7, 9, 10, 11], [1, 2, 3, 4, 5, 6, 9, 10, 11], [2, 9, 10, 11], [6, 8, 11]]"
302,"[[2, 3, 4, 6, 7, 8, 10], [3, 10, 11], [1, 5, 7, 8, 11], [1, 3, 7, 9], [5, 6, 7, 8, 10, 11], [1, 3, 4, 5, 6, 7, 9, 10, 11], [4, 7, 9, 10, 11], [6, 8, 9]]"
303,"[[3, 4, 6, 7, 11], [6, 10], [5, 9, 11], [3, 4, 5, 6, 9, 10, 11], [5, 9, 11], [2, 5, 7, 9, 10, 11], [1, 4, 7, 10], [3, 4, 6, 7, 9, 10, 11]]"
304,"[[2, 3, 4, 5, 6, 7, 8, 10, 11], [1, 3, 6, 7, 9, 10, 11], [9, 10, 11], [3, 9, 10], [1, 2, 3, 4, 6, 7, 10], [3], [3, 5, 8, 9, 10], [2, 3, 6]]"
305,"[[3, 5, 6, 9, 10], [1, 2, 3, 5, 7, 8], [2, 3, 8, 9, 10], [3, 4, 5, 7, 8, 9, 11], [5, 11], [1, 2, 4, 6, 10], [2, 3, 8, 9, 10], [4, 7, 10]]"
306,"[[1, 2, 6, 9, 11], [1, 2, 4, 5, 8, 9, 10, 11], [2, 11], [1, 3, 8, 10, 11], [1, 2, 3, 4, 7, 9, 10], [1, 2, 3, 6, 10, 11], [1, 2, 4, 5, 6, 7, 8, 11], [1, 4, 5, 9, 11]]"
307,"[[1, 3, 5, 6, 7, 8, 11], [2, 3, 6, 8, 11], [1, 8, 9], [4, 5, 7, 10], [1, 2, 3, 5, 6, 7, 8, 9, 10, 11], [3, 5, 7, 8], [3, 4, 5, 7, 8, 9, 10], [1, 3, 5, 6, 7, 8, 11]]"
308,"[[5, 6, 8, 9, 10], [1, 3, 4, 5, 7, 11], [4, 7, 8, 9, 10], [1, 3, 4, 5, 8, 10, 11], [1, 2, 4, 7, 8, 10], [1, 3, 4, 5], [1, 4, 5, 6, 7, 8, 9, 10, 11], [1, 4, 5, 6, 7, 8, 9, 10]]"
309,"[[2, 4, 5, 7, 8, 9, 11], [7, 9, 10], [1, 3, 4, 7, 8, 9, 10], [3, 5, 7, 8, 9, 11], [2, 3, 5, 6, 8], [1, 5, 6, 7, 8, 9], [1, 2, 3, 4, 5, 8], [2, 3, 6, 8, 11]]"
310,"[[1, 2, 3, 4, 5, 7, 10, 11], [2, 5, 6, 7, 9], [1, 2, 4, 9, 10], [1, 2, 3, 5, 6, 7, 10, 11], [5, 7], [1, 3, 4, 5, 6, 9, 10, 11], [1, 6, 7, 8, 10, 11], [3, 5, 10, 11]]"
311,"[[2, 5, 6, 10], [1, 4, 6, 7, 8, 9], [1, 2, 3, 6, 7, 10], [1, 2, 4, 7, 8, 9], [2, 3, 4, 6, 7, 8], [1, 2, 5, 6, 10, 11], [1, 2, 3, 10, 11], [2, 4, 6, 9, 10]]"
312,"[[2, 3, 4, 6, 8, 10, 11], [3, 4, 5, 9, 10, 11], [3, 6, 7, 9, 10], [2, 3, 4, 5, 6, 8], [1, 2, 3, 5, 6, 10, 11], [4, 5, 7, 11], [2, 5, 6, 11], [1, 2, 3, 5, 6, 8, 9]]"
313,"[[2, 4, 5, 7], [2, 3, 4, 6, 10, 11], [1, 4, 5, 6, 7, 11], [3, 6, 8], [1, 4, 6, 8, 10, 11], [3, 4, 5, 8, 9, 10, 11], [2, 3, 4, 6, 8, 11], [1, 2, 3, 5, 8, 10, 11]]"
314,"[[3, 4, 5, 6, 7, 8, 9, 10, 11], [1, 2, 3, 5, 11], [2, 3, 5, 7, 10], [1, 2, 3, 4, 6, 7, 8, 11], [2, 8, 9, 10, 11], [1, 3, 5, 8, 9], [2, 3, 4, 8, 11], [1, 2, 3, 7, 8]]"
315,"[[1, 2, 3, 4, 8, 9], [1, 3, 4, 6, 8, 9, 10], [1, 4, 5, 10, 11], [1, 3, 8, 9], [1, 3, 4, 5, 8, 9, 10], [5, 7, 8], [2, 3, 5, 8, 10], [3, 4, 5, 6, 9, 10, 11]]"
316,"[[1, 3, 4, 5, 7, 8, 9], [2, 3, 5, 7, 8, 9], [2, 4, 6, 7, 8, 9, 10], [1, 4, 5, 9], [1, 3, 4, 5, 7, 9, 10], [1, 3, 4, 6, 8, 10], [4, 6, 10], [3, 4, 5, 9, 10]]"
317,"[[1, 4, 5, 7, 8, 9, 10], [1, 2, 4, 5, 7, 10], [1, 5, 6, 7, 8, 10], [1, 5, 6, 10], [2, 3, 5, 6, 7, 9, 10, 11], [1, 2, 5, 6, 8, 9, 11], [1, 3, 5, 7, 8, 9, 10, 11], [2, 3, 4, 5, 7, 8, 9, 11]]"
318,"[[1, 2, 3, 4, 5, 6, 8, 9, 11], [1, 2, 3, 5, 6, 8, 10, 11], [1, 2, 3, 6, 7], [1, 2, 3, 7, 8, 9, 11], [1, 2, 4, 5, 6, 10], [3, 4, 7, 9, 10], [3, 4, 5, 6, 9, 10], [2, 6, 8, 9]]"
319,"[[1, 3, 4, 5, 7, 8, 11], [1, 3, 6, 10, 11], [2, 5, 6], [2, 3, 4, 6, 7, 8, 9, 11], [1, 6, 8, 9], [4, 6, 7], [1, 3, 5, 6, 8, 10, 11], [2, 3, 4, 5, 6, 7]]"
320,"[[1, 2, 3, 9, 10, 11], [1, 2, 3, 5, 10, 11], [2, 5, 6], [1, 2, 3, 6, 8], [4, 5, 6, 7, 10, 11], [1, 7, 9], [2, 3, 5, 6, 7, 8, 9, 10, 11], [5, 6, 7, 10, 11]]"
321,"[[2, 3, 4, 9, 11], [1, 3, 5, 7], [1, 2, 3, 5, 10], [3, 6, 8, 9, 10], [1, 2, 4, 8, 9, 10, 11], [1, 3, 4, 5, 8, 11], [2, 4, 8, 9], [1, 5, 7, 8, 9]]"
322,"[[1, 3, 4, 7, 8, 10, 11], [1, 2, 3, 4, 5, 8, 9], [1, 2, 7, 8, 9], [2, 3, 4, 8, 9, 10, 11], [2, 3, 6, 7, 10, 11], [3, 4, 5, 7, 9, 11], [2, 3, 6, 7, 9, 10], [6, 10]]"
323,"[[2, 4, 7, 9, 10], [1, 3, 6, 8, 9, 10, 11], [1, 2, 5, 7, 8, 10, 11], [1, 2, 3, 6, 7, 8, 9, 10], [2, 3, 4, 5, 6, 7, 9, 10, 11], [2, 3, 5], [1, 5], [2, 3, 4, 5, 6, 7, 10]]"
324,"[[2, 6, 8, 9, 11], [1, 2, 4, 5, 6, 7, 8, 9], [4, 6, 10, 11], [1, 3, 4, 5, 8, 9], [1, 2, 3, 9], [3, 4, 8, 9, 10], [1, 2, 3, 6, 9], [1, 2, 5]]"
325,"[[2, 7, 8, 9, 10, 11], [2, 7, 9], [4, 5, 6, 7, 10], [1, 2, 3, 7, 8, 10], [1, 4, 6, 7, 9, 11], [1, 3, 4, 6, 7, 8, 10, 11], [1, 2, 5, 9, 10], [1, 2, 5, 8, 9, 10, 11]]"
326,"[[2, 3, 4, 5, 7, 8, 9, 11], [1, 2, 3, 6, 8, 9, 10, 11], [2, 5, 6, 8, 9, 11], [6, 8, 9, 10], [1, 4, 6, 9, 11], [4, 5, 6, 8, 9, 10], [1, 3, 7, 8, 9], [1, 2, 4, 7, 10, 11]]"
327,"[[2, 3, 4, 5, 7, 9, 11], [1, 2, 3, 4], [1, 3, 5, 8, 11], [2, 3, 4, 5, 7, 11], [4, 6, 9, 10], [3, 5, 7, 9], [1, 3, 4, 9], [2, 4, 7, 8]]"
328,"[[3, 6, 8, 10, 11], [1, 4, 5, 7, 9, 11], [2, 3, 6, 9, 10], [1, 2, 4, 7, 9, 10], [5, 10, 11], [3, 7, 8, 9, 11], [2, 4, 5, 7, 8, 10], [1, 2, 3, 5, 6, 7, 8]]"
329,"[[6, 7, 8, 9], [1, 5, 7, 8, 9, 10], [1, 2, 3, 4, 5, 8, 9], [3, 4, 5, 6, 7, 10, 11], [1, 2, 9, 11], [3, 5, 7, 9, 10, 11], [1, 4, 6, 8, 10, 11], [1, 2, 3, 5, 6, 7, 8, 9, 11]]"
330,"[[3, 4, 5, 9], [6, 10, 11], [1, 2, 3, 4, 8, 11], [1, 2, 3, 10, 11], [1, 2, 5, 6, 7, 8], [1, 2, 5, 8, 9, 10], [2, 6, 10], [1, 3, 4, 5, 8, 9, 10, 11]]"
331,"[[1, 2, 3, 4, 5, 7, 9, 10], [2, 4, 10, 11], [1, 4, 5, 6, 7, 8, 10], [1, 3, 4, 6, 7, 8, 9, 10], [5, 6, 7, 8, 10, 11], [3, 7, 8], [1, 6, 9, 11], [2, 3, 7, 8, 9]]"
332,"[[1, 6, 8, 10], [1, 2, 4, 5, 9], [1, 3, 7, 8, 9, 11], [1, 2, 6, 8, 9, 10], [1, 2, 6, 7, 9, 11], [1, 2, 5, 10], [5, 6, 7, 8, 11], [2, 3, 4]]"
333,"[[2, 3, 6, 7, 9, 10], [3, 4, 5, 6, 7, 9, 11], [1, 4, 5, 6, 7, 8], [2, 3, 4, 5, 7, 8, 9, 10, 11], [1, 3, 4, 5, 7, 8, 9, 11], [1, 2, 4, 6, 8, 10], [4, 5, 8, 9, 11], [4, 5, 7, 8, 10]]"
334,"[[7, 9, 11], [1, 4, 6, 9, 11], [1, 3, 7, 10], [1, 3, 4, 7, 10, 11], [2, 5, 8, 10], [1, 2, 3, 5, 7, 9, 10], [3, 6, 10, 11], [1, 3, 5, 6, 7, 11]]"
335,"[[3, 5, 6, 9], [1, 2, 5, 7, 9, 10, 11], [2, 3, 5, 6, 8], [5, 6, 7, 9, 11], [3, 4, 8, 9], [1, 6, 7, 8], [1, 2, 5, 9, 10], [1, 2, 4, 5, 6, 7, 10, 11]]"
336,"[[1, 2, 3, 5, 10, 11], [1, 3, 5, 6, 9], [2, 3, 4, 5, 8, 10], [4, 6, 8, 10], [1, 3, 6, 8, 9, 10, 11], [1, 2, 3, 8, 10], [3, 4, 6, 7, 11], [1, 2, 3, 4, 5, 7, 8, 9, 10, 11]]"
337,"[[2, 8, 11], [1, 2, 3, 5, 6, 7, 8, 9, 10], [5, 7, 9, 11], [1, 2, 3, 4, 5, 6, 7, 8, 9, 11], [1, 2, 3, 6, 7, 9, 11], [1, 2, 6, 11], [1, 3, 8, 10], [1, 2, 4, 5, 7, 8]]"
338,"[[1, 2, 3, 5, 6, 7, 8, 9, 11], [1, 2, 9, 10, 11], [1, 2, 4, 6], [2, 5, 7], [3, 5, 6, 7, 10], [1, 3, 4, 5, 7, 9, 10, 11], [8, 9, 10], [2, 5, 8, 10]]"
339,"[[1, 2, 5, 7, 9], [5, 8, 10, 11], [6, 7, 8, 9, 10], [2, 4, 5, 6, 7], [1, 2, 3, 5, 8, 9], [1, 6, 7, 9], [2, 4, 5, 6, 7, 10], [1, 5, 6]]"
340,"[[4, 5, 7, 8, 9, 11], [1, 2, 3, 5, 6, 10, 11], [1, 3, 4, 5, 6, 8], [2, 3, 4, 5, 6, 8, 9, 11], [1, 2, 3, 6, 11], [7, 11], [1, 3, 4, 5, 6, 11], [1, 3, 5, 6, 7, 8]]"
341,"[[1, 3, 5, 6], [1, 2, 4, 8], [1, 2, 5, 6, 8, 9, 10], [2, 3, 5, 6, 7, 10], [2, 3, 5, 6, 8], [4, 9, 11], [2, 5, 6, 7], [3, 5, 6, 9]]"
342,"[[1, 2, 3, 4], [2, 3, 6, 7, 8, 9, 11], [1, 2, 4, 5, 6, 8], [3, 5, 6, 10], [1, 2, 4, 5, 8, 9], [4, 5, 6, 7, 9, 11], [1, 2, 5, 6, 8, 9, 10, 11], [1, 6, 8, 11]]"
343,"[[1, 2, 6, 7, 9, 11], [2, 4, 7, 8, 11], [1, 2, 3, 4, 6, 8, 9, 10], [4, 6, 8, 10], [4, 5, 6, 7, 9, 10, 11], [2, 3, 4, 7, 8, 11], [1, 6, 7, 9, 10], [1, 2, 3, 5, 7, 8, 9, 11]]"
344,"[[3, 4, 6, 7, 8, 9], [2, 4, 5, 7, 9, 10], [2, 3, 5, 7, 8, 9, 10, 11], [2, 4, 6, 8, 10], [1, 3, 4, 6, 7, 10], [6, 7, 10, 11], [1, 5, 6, 7, 9], [2, 5, 7, 8, 11]]"
345,"[[1, 3, 7, 9, 10, 11], [1, 2, 3, 4, 5, 6, 8, 10, 11], [1, 4, 5, 6, 7, 8], [1, 4, 6, 9], [1, 2, 3, 4, 5, 6, 10], [1, 2, 3, 5, 7, 8, 10, 11], [1, 2, 6, 8, 9, 10], [2, 3, 4, 6, 7, 8, 9]]"
346,"[[3, 9], [1, 7, 8, 9, 10, 11], [2, 3, 5, 7, 8], [2, 4, 5, 11], [4, 7, 10], [3, 5, 7, 9, 10, 11], [3, 5, 7, 9, 10], [1, 2, 4, 5, 7, 8, 10, 11]]"
347,"[[2, 4, 6, 8, 11], [3, 5, 6, 7], [1, 2, 3, 6, 9, 10], [1, 2, 5, 8, 10], [1, 2, 6, 7, 8, 9, 10], [1, 2, 3, 4, 5, 7, 8, 10], [1, 3, 7, 10], [1, 2, 5, 6, 7, 8, 10, 11]]"
348,"[[1, 2, 8, 9, 11], [6, 10], [1, 3, 5, 8, 9, 10], [4, 6, 9, 10], [1, 2, 3, 4, 7, 9], [3, 4, 5, 6, 8, 11], [3, 5, 8, 9, 10, 11], [3, 6, 9, 10, 11]]"
349,"[[3, 5, 7, 8, 9, 10, 11], [1, 2, 3, 4, 6, 8, 10, 11], [1, 6, 9, 11], [1, 2, 4, 6, 7], [1, 2, 4, 5, 6], [1, 3, 5, 8, 9], [2, 3, 4, 5, 7, 8, 10, 11], [1, 2, 3, 4, 5, 6, 8, 10]]"
350,"[[4, 5, 6, 7, 9, 11], [1, 2, 3, 4, 5, 6, 7, 8], [3, 5, 7, 8, 9, 11], [1, 3, 4, 5, 8, 10], [1, 2, 3, 8], [1, 2, 3, 4, 5, 7], [1, 4, 5, 6, 7, 11], [2, 3, 4, 6, 8]]"
351,"[[1, 6, 9], [1, 6, 8], [2, 3, 4, 5, 6, 7, 8, 10], [1, 4, 6, 7, 8, 11], [2, 3, 5, 6, 10, 11], [1, 2, 5, 6, 8, 9, 10], [1, 2, 4, 6, 8, 9], [2, 3, 4, 5, 7, 8, 9, 10]]"
352,"[[2, 3, 6, 7, 8, 10], [1, 2, 4, 5, 8, 9, 10], [2, 4, 6, 7, 8], [1, 5, 6, 9, 11], [1, 2, 3, 5, 11], [1, 6, 7, 11], [2, 3, 4, 5, 8, 9, 10, 11], [1, 3, 10, 11]]"
353,"[[1, 3], [1, 3, 5, 6, 7, 9, 10], [1, 2, 6], [4, 5, 8, 9, 10], [1, 4, 7, 10, 11], [2, 3, 6, 7, 8, 9, 10, 11], [2, 3, 4, 5, 6, 8, 9], [2, 5, 7]]"
354,"[[2, 3, 5], [2, 3, 5, 6, 8, 9, 10], [1, 2, 3, 4, 6, 11], [1, 2, 3, 8, 11], [4, 6, 7, 8, 11], [1, 2, 4, 5, 8, 10, 11], [1, 2, 3, 4, 6, 7, 10, 11], [4, 7, 11]]"
355,"[[3, 5, 6, 7, 8, 9], [1, 2, 5, 9, 10, 11], [1, 3, 6, 7], [1, 2, 3, 6, 10], [1, 3, 5, 7, 11], [3, 5, 11], [1, 2, 4, 5, 7, 8, 10], [2, 7, 8, 9, 10]]"
356,"[[1, 4, 8, 9, 11], [4, 6, 7, 9, 10], [1, 2, 5, 6, 10], [3, 7, 8, 10], [5, 7, 8, 9, 10, 11], [1, 4, 5, 6], [3, 4, 9, 10], [2, 4, 8, 9, 10, 11]]"
357,"[[3, 6, 7], [1, 3, 5, 6, 10], [2, 3, 4, 5, 7, 8, 9, 11], [1, 4, 6, 10, 11], [1, 2, 5, 7, 8, 9, 10, 11], [1, 3, 7, 10], [6, 7, 10], [2, 3, 6, 8, 11]]"
358,"[[1, 3, 5, 6, 9, 10, 11], [1, 2, 3, 4, 5, 8, 10, 11], [2, 3, 5, 10], [2, 3, 5, 7, 8, 9, 10], [1, 2, 4, 6, 7, 11], [1, 2, 4, 5, 6, 7, 9, 11], [1, 4, 7, 8, 9, 10], [5, 6]]"
359,"[[1, 6, 7, 9], [1, 4, 6, 8, 11], [4, 5, 8, 9], [2, 3, 4, 5, 6, 7, 10], [1, 4, 5, 7, 8, 9, 11], [2, 3, 4, 6], [1, 2, 5, 6, 8, 10], [1, 2, 5, 6, 8]]"
360,"[[1, 4, 5, 11], [5, 7, 8, 9, 11], [1, 3, 5, 7, 9, 10], [1, 8, 10], [1, 3, 5, 7, 8, 9, 10, 11], [2, 4, 5, 8, 11], [1, 2, 3, 4, 11], [1, 2, 5]]"
361,"[[3, 6, 8, 9], [3, 4, 7, 8, 10, 11], [1, 2, 3, 7, 8, 10], [2, 3, 4, 5, 6, 8, 9, 11], [2, 3, 4, 5, 6, 7, 10], [2, 6, 11], [1, 2, 3, 6, 7, 11], [3, 4, 5, 8, 10, 11]]"
362,"[[1, 2, 4, 6, 8, 9, 11], [1, 2, 10, 11], [4, 5, 7, 8], [1, 2, 4, 6], [1, 3, 6, 7, 8, 9, 10, 11], [2, 8, 9, 11], [5, 6, 9, 11], [1, 2, 5, 9, 10, 11]]"
363,"[[2, 4, 5, 6, 8, 9], [1, 2, 7, 9, 10, 11], [1, 2, 3, 4, 5, 9], [1, 4, 5, 7, 8, 9, 11], [1, 2, 4, 5, 6, 10], [2, 3, 4, 5, 6, 7], [1, 2, 5, 9], [1, 4, 7, 8, 10, 11]]"
364,"[[4, 11], [1, 5, 7, 8, 10], [3, 4, 5, 6, 9, 11], [1, 2, 4, 6, 10], [3, 6, 7, 8, 9, 11], [3, 4, 8], [1, 3, 6, 8, 9, 11], [1, 3, 4, 9, 10, 11]]"
365,"[[1, 2, 5, 7, 8, 9, 11], [4, 5, 6, 7, 9, 11], [1, 2, 7, 9, 10], [2, 5, 6, 7, 8, 10, 11], [1, 3, 4, 8, 9, 10, 11], [4, 5, 7, 9, 10], [2, 3, 6, 7, 11], [2, 3, 4, 7, 9, 10]]"
366,"[[1, 2, 3, 5, 6, 7, 8, 10], [4, 5, 6, 7, 8, 9, 10, 11], [1, 3, 6, 8, 9, 10], [1, 3, 4, 5, 7], [2, 4, 5, 8, 10], [1, 2, 4, 5, 6, 7, 8, 9, 11], [2, 4, 6, 7], [2, 7, 11]]"
367,"[[1, 5, 6, 9, 10, 11], [1, 5, 7, 8, 10, 11], [1, 4, 7, 9, 10, 11], [2, 4, 5, 7, 8, 10], [3, 5, 7, 10, 11], [1, 3, 4, 5, 8, 10, 11], [4, 7, 8], [1, 5, 6, 7, 9, 10]]"
368,"[[3, 4, 5, 6, 7, 8, 9, 10], [5, 6, 7, 8, 9, 11], [2, 4, 8, 9, 10, 11], [5, 6, 8], [1, 4, 6, 10], [4, 5, 7, 9, 10], [1, 4, 5, 6, 8], [1, 3, 5, 10]]"
369,"[[2, 3, 4, 6, 8], [2, 5, 6, 8, 9], [4, 6, 8, 9], [1, 3, 6, 7, 8], [1, 5, 7, 9, 10], [2, 3, 7, 8, 10], [1, 2, 3, 6, 9, 11], [7, 8]]"
370,"[[2, 4, 6, 8, 11], [3, 5, 6, 7, 8, 10, 11], [1, 2, 4, 6, 9, 11], [1, 2, 3, 4, 5, 6, 7, 9, 10, 11], [1, 2, 4, 5, 7, 9, 10], [1, 3, 5, 6, 7, 10, 11], [1, 2, 3, 4, 6, 8, 11], [1, 2, 4, 5, 7, 8, 9, 10]]"
371,"[[4, 6, 7, 9, 10], [2, 4, 6, 7, 10], [1, 3, 5, 6, 7, 8, 11], [1, 3, 5, 7, 9, 10, 11], [1, 3, 4, 5, 6, 7, 8, 11], [1, 6, 7, 10], [3, 5, 10, 11], [2, 5, 6, 8, 9, 10]]"
372,"[[2, 3, 5, 6], [2, 3, 4, 6, 7, 9, 10], [1, 4, 5, 7, 10, 11], [1, 2, 3, 5, 7, 10, 11], [1, 3, 5, 7, 8, 9], [1, 2, 3, 5, 7, 8, 9], [3, 4, 5, 7, 10], [2, 5, 7, 8, 9, 10, 11]]"
373,"[[1, 2, 3, 4, 5, 8, 11], [1, 2, 3, 5, 6, 9], [2, 5, 6, 7], [1, 2, 6, 7], [3, 4, 5, 9, 10], [1, 3, 4, 6, 8, 9, 10], [3, 6, 7, 8, 11], [4, 5, 6, 7, 11]]"
374,"[[2, 4, 7, 10], [1, 2, 3, 4, 5, 8, 10, 11], [2, 3, 7, 9, 10], [2, 3, 5, 8], [1, 3, 4, 7, 10], [2, 5, 6, 7], [1, 2, 4, 5, 6, 9, 10], [1, 6, 9]]"
375,"[[4, 7, 8, 9, 10], [2, 3, 4, 5, 6, 9, 11], [2, 7, 8, 11], [1, 2, 4], [2, 3, 4, 6, 7, 8, 9, 11], [4, 7, 9, 10], [2, 5, 8, 10, 11], [4, 7, 8, 9, 10, 11]]"
376,"[[2, 3, 6, 7, 9, 11], [5, 8, 9, 10], [2, 4, 7, 10, 11], [5, 7, 10, 11], [1, 2, 5, 6, 10, 11], [1, 4, 6, 7, 9, 10], [2, 3, 4, 6, 8, 9, 10], [2, 4, 6, 7, 8]]"
377,"[[1, 3, 6, 7, 9], [1, 3, 5, 6, 7, 8, 9, 10], [3, 6, 7, 8, 10], [5, 10], [1, 2, 5, 6, 7, 9, 11], [1, 5, 6, 8, 11], [1, 2, 3, 6, 7], [3, 5, 6, 8, 9, 11]]"
378,"[[1, 2, 7, 8, 9, 11], [1, 2, 4, 6, 8, 10, 11], [1, 3, 6, 10], [1, 2, 3, 6, 9, 10], [1, 2, 6, 9, 10], [1, 3, 4, 5, 10, 11], [2, 3, 4, 6, 7, 8, 11], [1, 3, 5, 7, 8, 11]]"
379,"[[5, 7, 8, 9, 10, 11], [1, 5, 9, 10, 11], [1, 4, 6, 7, 8, 10], [1, 7, 9], [1, 2, 7, 10], [3, 5, 7, 9, 10, 11], [2, 7, 8, 9], [1, 3, 4, 5, 7, 10, 11]]"
380,"[[3, 5, 6, 8, 10, 11], [2, 3, 7, 10, 11], [1, 4, 5, 7, 8], [1, 5, 9, 11], [1, 2, 6, 9, 11], [3, 6, 7, 9, 10], [1, 2, 3, 4, 5, 6, 7, 8, 9, 10], [1, 2, 6, 7, 8, 10, 11]]"
381,"[[3, 4, 5, 6, 7, 8, 10, 11], [5, 6, 8, 9], [1, 3, 4, 5, 6, 8, 9, 10], [3, 5, 6, 10, 11], [1, 3, 4, 6, 7, 8, 9, 10], [2, 5, 11], [1, 5, 6, 7, 8, 9, 10], [1, 2, 3, 5, 7, 10, 11]]"
382,"[[1, 2, 8], [1, 2, 7, 11], [1, 3, 4, 5, 8, 9, 10, 11], [2, 4, 10], [2, 3, 4, 9, 10], [6, 7, 11], [2, 4, 6, 7, 8, 9, 10], [2, 3, 7, 9, 10, 11]]"
383,"[[2, 8, 9, 11], [1, 2], [6, 9, 10, 11], [1, 2, 7, 10, 11], [2, 3, 5, 9, 10, 11], [6, 8, 9, 11], [2, 3, 4, 5, 6, 8, 9, 10], [1, 3, 4, 5, 6, 7, 9, 10]]"
384,"[[2, 3, 7, 11], [2, 3, 4, 5, 7, 10, 11], [4, 8, 10], [1, 5, 7, 8, 11], [2, 3, 10, 11], [1, 2, 3, 5, 8], [1, 5, 6, 8, 10], [1, 2, 4, 8, 9, 11]]"
385,"[[2, 3, 4, 7, 8], [1, 2, 3, 5, 6, 7, 8, 9, 11], [1, 4, 7, 11], [1, 5, 6, 8, 9, 10], [1, 2, 3, 5, 6, 7, 8, 9, 10, 11], [1, 2, 5, 6, 10], [1, 2, 3, 5, 9, 10, 11], [4, 5, 8, 9, 10, 11]]"
386,"[[3, 4, 5, 6, 7, 8, 9, 11], [1, 4, 5, 8, 10, 11], [1, 2, 9], [2, 6, 8], [4, 6, 7, 8, 9, 10], [4, 7, 9, 11], [3, 4, 5, 6, 8, 9, 10], [2, 5, 6, 8, 11]]"
387,"[[2, 4, 6, 7, 8, 10], [2, 6, 7, 8, 9, 11], [2, 3, 5, 10], [2, 5, 6, 9], [1, 7, 8, 11], [1, 4, 8], [2, 3, 8, 9], [1, 6, 7, 9]]"
388,"[[1, 3, 4, 5, 7, 8, 10], [1, 2, 4, 5, 6, 7, 8, 11], [1, 5, 8, 9, 10], [1, 3, 5, 7, 10], [2, 4, 5, 7, 8, 10], [1, 3, 4, 5, 8, 9], [2, 3, 4, 5, 6, 11], [1, 2, 3, 4, 6, 8, 10, 11]]"
389,"[[1, 2, 5, 6, 7, 8, 10], [1, 2, 4, 5, 6, 7, 8, 10, 11], [2, 3, 4, 6, 8, 10], [1, 4, 5, 8, 9, 10, 11], [1, 7, 9, 10], [4, 8, 9], [1, 3, 8, 9], [1, 2, 6, 8, 10]]"
390,"[[2, 5, 6, 7], [1, 3, 6, 7, 9, 11], [1, 2, 3, 5, 7, 10], [2, 4, 5, 6, 7, 10], [1, 2, 4, 5, 6, 7, 8, 11], [2, 3, 4, 7, 8, 11], [1, 10, 11], [1, 2, 3, 4, 5, 8, 10]]"
391,"[[3, 4, 5, 6, 11], [1, 3, 4, 8, 9], [3, 6, 9, 11], [2, 4, 6, 8, 9], [1, 6, 7, 8, 10, 11], [1, 3, 4, 5, 8, 9, 11], [1, 5, 6, 8, 9, 11], [3, 5, 6, 9, 10]]"
392,"[[1, 2, 3, 8, 9, 10], [1, 2, 3, 4, 6, 8, 10, 11], [1, 2, 4, 6, 9], [4, 5, 6, 7, 8, 11], [1, 4, 7, 9, 10, 11], [2, 3, 5, 6, 7, 9, 10, 11], [1, 2, 4], [3, 4, 6, 9]]"
393,"[[2, 6, 7, 8], [2, 3, 4, 5, 8, 11], [6, 7, 8, 10], [1, 2, 3, 4, 6, 9, 10], [1, 3, 4, 8, 9, 10], [1, 2, 4, 5, 6, 7, 10, 11], [2, 3, 4, 5, 6, 10], [1, 3, 4, 5, 8]]"
394,"[[1, 2, 4, 6, 8, 11], [1, 3, 4, 5, 6], [2, 3, 5, 7, 9, 10], [1, 2, 4, 10], [2, 4, 8, 9, 10, 11], [1, 3, 4, 7, 8, 9, 10], [1, 2, 3, 4, 8, 9, 11], [1, 3, 5, 6, 7, 9, 11]]"
395,"[[4, 7, 10], [2, 4, 5, 7, 8, 9, 10], [1, 2, 4, 6, 7, 8], [2, 5, 8, 10, 11], [1, 4, 5, 8, 9, 10, 11], [1, 2, 4, 5, 6, 9, 10], [3, 6, 7, 9, 11], [1, 2, 3, 4, 7, 10, 11]]"
396,"[[1, 3, 4, 6, 8, 10, 11], [1, 6, 8, 11], [1, 2, 3, 4, 6, 8, 9, 11], [1, 2, 3, 5, 6, 8, 9, 10], [1, 3, 4, 9, 11], [1, 2, 3, 4, 5, 9, 10], [5, 8], [1, 2, 6, 8, 10]]"
397,"[[1, 4, 5, 6, 8, 9, 10, 11], [3, 5, 6, 8, 10], [3, 5, 6, 10], [3, 5, 8, 9, 11], [1, 2, 5, 7, 10, 11], [1, 3, 6, 7, 9, 11], [2, 4, 5, 7, 8, 11], [4, 6, 7, 8, 11]]"
398,"[[2, 3, 9, 10, 11], [1, 6, 9, 10, 11], [2, 3, 4, 9, 11], [1, 3, 5, 6, 7, 10, 11], [1, 2, 6, 9, 10], [1, 2, 3, 4, 5, 6, 7, 8], [2, 3, 6, 7, 8, 11], [1, 2, 4, 6, 9]]"
399,"[[7, 8, 10, 11], [1, 2, 3, 4, 5, 10, 11], [1, 3, 4, 5, 11], [2, 6, 8, 9, 10], [1, 2, 3, 5, 11], [1, 3, 7, 8, 9, 11], [2, 5, 6, 7, 9], [2, 5, 6, 7, 8, 9, 11]]"
400,"[[1, 2, 4, 6, 8, 11], [1, 3, 4, 7, 8, 9, 10, 11], [4, 5, 6, 7], [2, 3, 5, 6, 8, 9, 11], [1, 2, 6, 7, 10], [1, 2, 3, 8, 9, 10, 11], [1, 5, 7, 8, 9, 11], [1, 4, 5, 6, 7, 8, 9, 10, 11]]"
401,"[[1, 2, 3, 5, 6, 7, 8, 9], [1, 2, 4, 6, 7, 9, 10, 11], [1, 2, 4, 6, 7, 8, 9, 10, 11], [1, 3, 7, 10], [1, 2, 4, 6, 10], [1, 6, 9, 11], [1, 6, 7, 8], [4, 6, 10]]"
402,"[[3, 4, 5, 6, 7, 8, 9, 10], [1, 5, 6, 9, 11], [3, 4, 7, 9, 10], [4, 6, 8, 10], [1, 4, 7, 8, 9, 10, 11], [2, 4, 7, 9, 10, 11], [2, 4, 5, 8, 9, 10, 11], [1, 4, 5, 7, 8, 11]]"
403,"[[4, 5, 6, 8, 9], [6, 7, 8, 10, 11], [1, 3, 4, 6, 9, 10], [2, 5, 6, 7, 10, 11], [5, 6, 10, 11], [1, 2, 4, 7, 9], [2, 3, 4, 7, 8, 10, 11], [1, 2, 3, 4, 5, 7, 9, 10, 11]]"
404,"[[2, 3, 4, 5, 6, 11], [4, 5, 9], [2, 4, 7, 11], [2, 3, 4, 5, 6, 7, 9, 10], [1, 2, 9], [3, 5, 8, 9], [1, 2, 4, 8, 9], [2, 8, 9, 10, 11]]"
405,"[[1, 2, 4, 5, 7, 8, 11], [3, 5, 6, 7, 11], [3, 4, 5, 6, 8], [1, 2, 3, 5, 8, 11], [1, 2, 3, 4, 8], [1, 3, 6, 10], [1, 3, 4, 5, 6, 9, 10], [1, 3, 4, 5, 6, 8, 9]]"
406,"[[1, 2, 3, 7, 8, 9, 11], [1, 2, 4, 5, 6, 7, 9], [1, 3, 4, 7, 9, 10, 11], [5, 8, 9], [4, 5, 6, 7, 9, 11], [2, 5], [2, 4, 5, 7, 11], [3, 7, 10]]"
407,"[[5, 7, 9, 10, 11], [1, 4, 6, 11], [7, 8, 9, 10], [1, 2, 3, 4, 5, 7, 11], [1, 6, 8, 9, 11], [1, 3, 4, 7, 8, 10, 11], [3, 5, 6, 8, 10], [2, 3, 6, 7, 9, 10, 11]]"
408,"[[1, 2, 3, 4, 5, 10, 11], [2, 6, 7, 8, 9], [2, 3, 5, 6, 11], [3, 5, 9, 10], [3, 4, 5, 7, 8], [3, 7, 8, 9], [1, 2, 3, 4, 6, 10, 11], [1, 3, 5, 6, 10]]"
409,"[[1, 2, 4, 6, 11], [2, 3, 5, 8, 11], [4, 5, 6], [2, 3, 4, 5, 7, 8], [1, 7, 8, 11], [1, 2, 4, 8, 9, 11], [2, 4, 6, 8, 9, 10], [2, 4, 5, 6, 7, 8, 9, 10]]"
410,"[[2, 3, 5, 7, 8, 10, 11], [1, 2, 3, 6, 7, 8, 9], [2, 3, 4, 6, 8, 9], [1, 2, 5, 6, 8, 9], [1, 3, 4, 10, 11], [4, 7, 8, 10, 11], [6, 7, 10], [1, 2, 3, 5, 8, 9]]"
411,"[[1, 2, 4, 11], [3, 4, 5, 6, 7, 8, 9, 10, 11], [2, 3, 4, 6, 8, 10, 11], [1, 2, 3, 4, 5, 8, 9], [2, 5, 6, 7, 9, 10], [2, 4, 6, 7, 8, 9, 10, 11], [2, 3, 5, 7, 8, 9], [1, 6, 7, 8, 11]]"
412,"[[1, 4, 6, 9, 10, 11], [4, 9, 10, 11], [1, 4, 6, 7, 8, 10], [4, 5, 7, 9, 11], [6, 9, 10, 11], [3, 4, 5, 7, 8, 9, 10], [2, 3, 4, 5, 6, 7, 8, 10, 11], [2, 3, 5, 6, 9, 10, 11]]"
413,"[[2, 3, 6, 7, 8, 9, 10, 11], [1, 3, 4, 7, 9, 10, 11], [8, 9, 10, 11], [1, 3, 5, 6, 7, 9, 11], [1, 2, 3, 5, 6, 7, 11], [2, 4, 6, 8, 9, 10, 11], [2, 4, 5, 6, 8, 9, 10, 11], [1, 6, 7, 11]]"
414,"[[1, 6, 7, 8, 11], [4, 5, 6, 7, 8, 9, 11], [1, 2, 4, 5, 6, 7, 8, 9, 10], [1, 2, 3, 4, 6, 7, 9, 10], [5, 6, 8, 9, 10, 11], [1, 2, 4, 6, 7, 9, 10], [2, 6, 8, 9, 10, 11], [1, 8, 9, 10]]"
415,"[[3, 5, 7, 8, 9, 11], [1, 2, 3, 5, 6, 10, 11], [1, 2, 3, 6, 8, 10], [1, 2, 3, 5, 6, 8, 10, 11], [1, 2, 5, 6, 8, 10], [1, 4, 5, 8, 10, 11], [1, 2, 3, 4, 5, 7, 8, 9, 10], [3, 4, 6, 7, 9]]"
416,"[[1, 3, 4, 7, 8], [1, 2, 5, 6, 8, 9], [1, 3, 8, 10, 11], [1, 2, 3, 4, 6, 7, 10, 11], [1, 4, 5, 6, 10], [1, 7, 9], [1, 2, 3, 6, 9, 10], [4]]"
417,"[[1, 4, 5, 6, 7, 8, 11], [3, 7, 8, 9], [3, 8], [9], [1, 7, 8, 9, 11], [1, 2, 4, 7, 8, 9, 10], [1, 3, 9, 11], [3, 4, 8, 9, 10]]"
418,"[[3, 8, 9, 11], [5, 6, 8], [1, 4, 7, 9], [1, 2, 4, 6, 7, 11], [2, 3, 4, 7, 10, 11], [2, 3, 4, 6, 7, 8, 9, 11], [1, 3, 10, 11], [1, 9, 10]]"
419,"[[2, 3, 6], [1, 2, 3, 5, 6, 7, 9], [3, 4, 5, 6, 8, 9, 10, 11], [2, 6, 7], [2, 3, 6, 9], [2, 3, 4, 5, 10], [1, 5, 6, 8, 9, 10, 11], [7, 10]]"
420,"[[4, 6, 7, 9], [3, 5, 9, 11], [3, 8, 10], [4, 5, 7, 8, 9, 10, 11], [5, 7, 8, 9, 10], [1, 3, 4, 6, 7, 8, 9], [2, 4, 5], [1, 2, 3, 4, 6, 9, 10]]"
421,"[[3, 4, 5, 9], [2, 6, 7, 11], [1, 2, 4, 8, 9, 10, 11], [2, 4, 6, 9, 11], [2, 3, 4, 8, 10], [2, 5, 7, 11], [2, 3, 7, 9, 10], [2, 3, 4, 7, 8, 9, 10, 11]]"
422,"[[1, 4, 6, 7, 8], [1, 2, 3, 4, 5, 6, 11], [4, 5, 6, 9, 10, 11], [1, 5, 6, 9, 10], [4, 6, 10, 11], [1, 2, 6, 7, 8], [4, 5, 8, 9, 11], [11]]"
423,"[[1, 2, 3, 6, 7, 8, 9, 10, 11], [1, 2, 3, 5, 6, 9, 10, 11], [2, 6, 7, 9, 11], [2, 6, 7, 9], [2, 4, 7, 9, 11], [1, 2, 4, 6, 7, 10, 11], [1, 3, 6, 9, 10, 11], [4, 5, 6, 9]]"
424,"[[2, 3, 4, 5, 7, 8, 10, 11], [2, 5, 6, 7, 8], [1, 2, 3, 4, 6, 7, 8, 10, 11], [2, 3, 7, 9, 10, 11], [1, 2, 4, 5, 8, 10], [1, 2, 3, 5, 6, 9, 10, 11], [1, 2, 10, 11], [1, 2, 4, 5, 7, 9, 11]]"
425,"[[3, 9, 11], [2, 6, 7, 9], [2, 3, 4, 5, 6, 7, 9, 11], [2, 3, 4, 5, 7, 9], [1, 2, 5, 7, 8], [3, 4, 5, 7, 9, 10], [4, 5, 6, 8, 9], [7, 8, 9, 10, 11]]"
426,"[[1, 3, 4, 6, 7, 8], [2, 3, 4, 8, 10], [1, 2, 4, 6, 8, 9, 10], [3, 8, 9, 10, 11], [3, 7, 8, 9, 10, 11], [4, 6, 8, 11], [1, 2, 5, 6, 7, 10], [1, 7, 9, 10, 11]]"
427,"[[1, 3, 6, 7, 8, 11], [1, 4, 6, 7, 10], [1, 3, 6, 7, 9], [2, 3, 4, 5, 6, 7, 8, 9, 10], [3, 7], [3, 4, 5, 7, 8, 9, 10, 11], [2, 4, 6, 7], [2, 3, 10, 11]]"
428,"[[6, 7, 8, 9, 10], [2, 4, 5, 6, 7, 8, 11], [1, 5, 8, 9, 11], [3, 9, 11], [2, 5, 8, 9, 10, 11], [1, 3, 5, 7, 8, 9, 10, 11], [2, 3, 8, 10, 11], [1, 4, 5, 7, 9, 10, 11]]"
429,"[[2, 3, 6, 11], [2, 5, 6, 7, 8, 9], [1, 2, 4, 6, 7, 8, 10, 11], [1, 5, 6, 7, 8, 9, 10], [1, 2, 3, 6, 10], [2, 6, 7, 9, 11], [3, 6, 10, 11], [2, 3, 4, 9, 10, 11]]"
430,"[[1, 2, 3, 4, 5, 7, 8], [1, 3, 7, 8, 9, 11], [5, 6, 7, 9, 10, 11], [3, 4, 5, 7, 8, 10], [2, 3, 4, 7, 10, 11], [1, 2, 4, 7, 8, 9, 11], [2, 3, 5, 8, 10, 11], [1, 2, 4, 7, 9]]"
431,"[[1, 2, 3, 4, 5, 7, 8, 9, 10], [2, 3, 4, 7, 8, 10], [2, 7, 9, 10], [1, 5, 8, 9, 10], [3, 6, 7, 8, 9], [2, 3, 5, 7, 9, 10, 11], [4, 5, 7, 10], [2, 4, 5, 6, 7, 8]]"
432,"[[1, 2, 5, 8, 9, 10, 11], [3, 6, 10], [2, 4, 6, 7, 8, 10], [1, 4, 7, 10], [3, 6, 10], [1, 2, 5, 6, 7, 8, 10], [3, 6, 7, 9, 10], [1, 5, 7, 10]]"
433,"[[2, 5, 6, 10], [2, 5, 10], [3, 4, 7, 10, 11], [1, 2, 4, 8], [4, 6, 7, 8, 9], [1, 3], [3, 4, 6, 7, 9, 11], [2, 4, 5, 8, 10, 11]]"
434,"[[8, 10, 11], [2, 5, 6, 10, 11], [5, 6, 7, 9, 11], [1, 6, 7, 8], [1, 3, 4, 6, 8], [1, 3, 7, 8, 9], [4, 5, 7, 8, 11], [1, 3, 5, 6, 9, 10]]"
435,"[[2, 5, 6, 7, 8, 9, 10], [2, 3, 4, 6, 7, 9, 10], [1, 2, 5, 6], [1, 5, 6, 7], [2, 3, 4, 5, 8, 9, 10, 11], [1, 3, 4, 5, 6], [1, 2, 8, 9], [3, 7, 11]]"
436,"[[3, 5, 6, 7, 8, 9, 11], [1, 3, 6, 8, 9, 10, 11], [2, 7, 10, 11], [1, 2, 4, 5, 6, 8, 9, 10, 11], [2, 3, 9, 10], [1, 3, 5, 6, 7, 10], [4, 5, 6, 9, 10, 11], [2, 4, 6, 8, 9, 11]]"
437,"[[2, 4, 6], [5, 9, 10, 11], [2, 3, 4, 8, 11], [1, 3, 5, 8, 9], [2, 6, 8, 9, 10], [1, 2, 3, 4, 6, 8, 10], [1, 5, 6, 7, 9, 10, 11], [1, 10, 11]]"
438,"[[1, 2, 5], [1, 3, 4, 5, 6, 7, 8, 9, 10], [4, 5, 9, 10], [1, 2, 3, 4, 6, 8, 9, 11], [2, 4, 6, 7, 8, 10], [1, 3, 9, 11], [2, 3, 5, 6, 7, 8, 9, 10], [5, 6, 9, 10, 11]]"
439,"[[1, 2, 6, 8, 9], [2, 5, 7, 8, 9, 10, 11], [3, 6, 7, 8, 10], [1, 2, 3, 4, 6, 10], [9, 10], [1, 3, 4, 5, 6, 10, 11], [2, 4, 5, 10, 11], [1, 2, 4, 5, 7, 8, 11]]"
440,"[[7, 9], [1, 4, 6, 8, 9, 10], [1, 2, 4, 6, 11], [2, 4, 7, 10, 11], [1, 3, 4, 6, 8], [2, 3, 4, 5, 6, 7, 10], [1, 4, 5, 8, 9, 11], [1, 2, 3, 4, 6, 7, 9]]"
441,"[[4, 6, 7], [5, 7, 9, 10, 11], [1, 5, 6, 9, 10], [1, 2, 3, 5], [1, 2, 4, 5, 6, 8, 9, 11], [3, 7, 9, 11], [1, 3, 6, 8, 10], [1, 2, 4, 6, 7, 10]]"
442,"[[3, 4, 6, 7, 9, 10, 11], [1, 8, 11], [1, 2, 5, 6, 7, 9, 10, 11], [1, 3, 4, 5, 6, 10, 11], [1, 8, 9, 10], [2, 3, 4, 8, 9, 10], [2, 3, 4, 5, 6, 11], [1, 4, 5, 6, 11]]"
443,"[[1, 2, 7, 10], [1, 4], [3, 5, 7, 8, 10], [5, 7, 10, 11], [2, 3, 6, 7, 11], [2, 3, 4, 6, 7, 8], [1, 2, 4, 6, 8, 9, 10], [1, 2, 3, 6, 7, 11]]"
444,"[[1, 2, 4, 6, 8, 9, 11], [1, 3, 5, 6, 10], [1, 7, 11], [1, 2, 4], [1, 2, 7, 8, 10, 11], [1, 2, 3, 5, 8], [1, 3, 4, 5, 6, 9, 11], [2, 3, 4, 9]]"
445,"[[3, 4, 6], [4, 5, 6, 7, 10, 11], [1, 3, 5, 7, 8, 9, 10, 11], [1, 5, 7, 9, 10, 11], [2, 3, 6, 7, 10], [2, 5, 7, 10], [2, 3, 6, 7, 8, 10, 11], [1, 2, 5, 6, 7, 10, 11]]"
446,"[[2, 4, 5, 6, 9, 10, 11], [1, 4, 5, 6, 10], [1, 2, 3, 5, 9, 10, 11], [3, 5, 6, 7, 8, 10, 11], [2, 3, 6, 7, 8, 10, 11], [2, 6, 8, 9], [1, 3, 4, 6, 7, 8, 9, 10, 11], [1, 3, 4, 6, 8, 10]]"
447,"[[2, 3, 4, 5, 7, 9, 11], [5, 8, 11], [3, 9, 11], [1, 6, 9, 11], [1, 3, 6, 8, 9], [2, 5, 7, 8, 10], [3, 6, 7, 10], [3, 5, 6, 7]]"
448,"[[1, 4, 6, 10], [1, 6, 9, 10, 11], [1, 2, 3, 4, 5, 7, 9], [1, 2, 3, 4, 5, 8, 10], [2, 4, 5, 9, 10, 11], [1, 3, 7, 8, 11], [1, 3, 4, 5, 6, 7, 10], [2, 3, 4, 5, 8, 9]]"
449,"[[2, 7, 10, 11], [2, 3, 8, 11], [2, 11], [3, 4, 5, 6, 7, 10, 11], [3, 7, 9, 11], [2, 3, 5, 6], [2, 3, 6, 7, 8, 9, 11], [2, 5, 6, 7, 9, 10, 11]]"
450,"[[4, 5, 6, 7, 11], [1, 2, 3, 4, 5, 8, 11], [1, 2, 4, 6, 8, 10, 11], [1, 2, 3, 4, 6, 7, 11], [3, 5, 7, 8, 9], [2, 6, 7, 8, 9, 11], [2, 3, 5, 8, 11], [3, 7, 9, 10, 11]]"
451,"[[2, 5, 6, 7, 8, 9, 10], [1, 2, 6, 8, 10], [4, 5, 6, 7, 11], [4, 6, 10], [2, 3, 7, 8, 9, 10], [8, 9], [5, 8, 10], [3, 6, 7]]"
452,"[[2, 3, 4, 6, 8], [2, 4, 9, 11], [1, 4, 5, 6, 7, 9, 10, 11], [2, 4, 6, 8], [1, 2, 4, 5, 6, 7, 8, 9, 10, 11], [1, 3, 4, 5, 6, 7, 9, 10], [3, 4, 7, 8, 11], [2, 3, 4, 8]]"
453,"[[1, 2, 4, 5, 6, 9], [1, 2, 5, 7, 8, 10, 11], [4, 8, 9, 10], [1, 6, 8, 10], [2, 4, 7], [1, 4, 7, 8, 9, 11], [1, 2, 3, 4, 5, 6, 10], [2, 4, 7, 11]]"
454,"[[1, 5, 11], [1, 4, 5, 6, 10], [2, 4, 6, 10], [3, 5, 9, 10, 11], [2, 5, 6, 7, 8, 9, 10, 11], [1, 2, 6, 7, 8, 9], [3, 5, 6, 8, 10, 11], [3, 4, 5, 6, 7, 8, 9, 10]]"
455,"[[1, 5, 6, 11], [1, 6, 10, 11], [2, 4, 6, 9, 10, 11], [2, 5, 8, 9, 10, 11], [1, 2, 3, 7, 9], [4, 5, 10, 11], [1, 2, 6, 7, 11], [4, 8, 10, 11]]"
456,"[[2, 5, 7, 11], [2, 3, 5, 8, 9], [1, 2, 4, 5, 6, 8], [2, 4, 6, 7, 10, 11], [1, 2, 6, 7, 8, 11], [6, 8, 9, 10], [2, 3, 5, 7, 11], [2, 4, 5, 6, 8, 9, 10, 11]]"
457,"[[4, 5, 7, 9], [4, 5, 6, 7, 8, 9, 11], [1, 5, 6, 7, 8, 9, 10, 11], [1, 3, 4], [3, 6, 8], [3, 4, 5, 6, 9, 10], [2, 7], [1, 2, 4, 9, 10]]"
458,"[[1, 5, 6, 10, 11], [2, 3, 5, 6, 8, 9, 11], [8], [1, 2, 5, 10], [3, 6, 8], [1, 3, 5, 8, 11], [3, 4, 5, 6, 7, 10, 11], [3, 4, 8, 11]]"
459,"[[1, 2, 5, 7, 10], [2, 3, 4, 7, 8, 9, 10, 11], [4, 5, 8, 9, 11], [2, 3, 4, 7, 8, 11], [2, 4, 5, 6, 11], [1, 4, 5, 9, 10], [1, 4, 5, 6, 9], [2, 4, 6, 7, 11]]"
460,"[[2, 3, 4, 10], [1, 2, 4, 6, 8, 9, 10], [2, 4, 11], [5, 6, 7, 9, 11], [1, 2, 3, 6, 8, 9, 10, 11], [1, 3, 4, 6, 9], [1, 3, 4, 6, 8, 10, 11], [1, 2, 3, 8, 9, 10]]"
461,"[[2, 4, 8], [2, 3, 6, 7, 8, 9, 10, 11], [2, 4, 6, 7, 8, 9, 10, 11], [2, 5, 6, 7, 8, 9, 10, 11], [5, 6, 11], [4, 7, 9, 11], [1, 4, 5, 8, 9], [1, 2, 5, 9, 10]]"
462,"[[1, 3, 5, 6, 7, 8, 10, 11], [1, 6, 8, 10], [2, 5, 8, 11], [3, 5, 6, 7, 9, 10], [3, 6, 8, 9], [2, 4, 5, 7, 8, 9, 10, 11], [1, 10], [1, 4, 5, 8]]"
463,"[[2, 4, 5, 6, 7, 9, 10], [1, 3, 6, 8, 11], [7, 9], [1, 2, 6, 7, 9, 10, 11], [1, 2, 4, 5, 7, 8, 10], [1, 4, 6, 7, 8, 10], [1, 2, 5, 6, 7, 8, 9, 11], [1, 3, 6, 9, 11]]"
464,"[[1, 2, 3, 5, 9, 10], [1, 2, 6, 7, 9, 11], [1, 3, 4, 5, 6, 7, 9], [2, 5], [1, 2, 4, 6, 8, 11], [1, 2, 4, 7, 8, 9, 11], [2, 6, 7, 9, 10, 11], [3, 5, 7, 8, 10, 11]]"
465,"[[1, 3, 5, 7, 8, 9], [10], [2, 4, 5, 6, 9, 10, 11], [3, 5, 11], [3, 4, 8, 11], [4, 5, 6, 8, 9, 10, 11], [3, 5, 6, 7, 8], [1, 4, 5]]"
466,"[[2, 3, 6, 7, 9], [1, 3, 4, 5, 8, 11], [2, 7, 8, 10, 11], [3, 4, 5, 8], [2, 4, 5, 8, 11], [1, 5, 6, 7, 8], [3, 4, 6, 7, 8], [3, 4, 6, 8, 9, 11]]"
467,"[[1, 2, 3, 4, 5, 6, 10], [1, 2, 5, 7, 8, 9, 11], [4, 8, 9], [2, 3, 6, 9, 11], [10, 11], [4, 5, 6, 7, 9, 10], [1, 2, 7, 8, 10], [1, 2, 3, 7, 10, 11]]"
468,"[[5, 6, 9, 10], [2, 3, 4, 6, 7, 10, 11], [1, 3, 4, 5, 7, 8, 9], [1, 4, 5, 6, 7, 10], [1, 3, 4, 7, 9, 10], [1, 2, 3, 4, 5, 6, 8, 9, 10], [1, 3, 6, 7], [1, 3, 4, 5, 7, 9]]"
469,"[[2, 3, 4, 5, 6, 7, 9], [3, 4, 7, 9, 11], [1, 4, 5, 7], [3, 5, 6, 7], [1, 4, 6, 7, 9, 10, 11], [1, 2, 3, 5, 7, 8, 9], [2, 3, 7, 8, 9, 10, 11], [1, 3, 6, 7, 8, 11]]"
470,"[[1, 3, 4, 6, 7, 9], [3, 8, 11], [2, 4, 5, 9, 10], [2, 3, 4, 5, 7, 10], [1, 3, 4, 8, 9, 10], [2, 6, 7, 8], [1, 4, 5, 8, 9, 11], [2, 3, 4, 5]]"
471,"[[4, 5, 7, 8, 9, 10], [1, 4, 6, 9, 10, 11], [1, 5, 7, 8, 9, 11], [1, 2, 4, 5, 6, 8, 9, 10], [3, 4, 5, 6, 7, 9, 10], [4, 5, 8, 11], [2, 3, 4, 6, 7, 8, 9, 11], [2, 4, 9, 11]]"
472,"[[4, 7, 9, 10, 11], [2, 3, 7, 11], [2, 5, 8, 10, 11], [1, 2, 3, 5, 6, 8, 9, 10, 11], [1, 2, 3, 5, 10], [1, 2, 3, 6, 9, 11], [2, 4, 6, 7, 10, 11], [5, 8, 11]]"
473,"[[6, 8, 9, 10, 11], [2, 3, 4, 7, 8, 9, 10], [2, 5, 7, 8, 10, 11], [5, 6, 9], [6, 9], [2, 4, 5, 6, 8, 11], [2, 7, 8, 11], [4, 5, 7, 8, 9, 10, 11]]"
474,"[[1, 3, 4, 5, 7, 8, 10], [3, 10, 11], [1, 3, 4, 9, 10, 11], [5, 6, 7, 8, 9, 10, 11], [3, 6, 7, 9, 10], [1, 2, 3, 4, 6, 7, 8, 11], [1, 5, 9, 10, 11], [8, 11]]"
475,"[[10, 11], [4, 5, 7, 9, 10, 11], [5, 6, 9, 10], [2, 5, 9, 10], [2, 5, 6], [1, 2, 4, 5, 6, 8, 11], [2, 5, 6, 7, 8, 9, 10], [2, 3, 6, 11]]"
476,"[[2, 4, 5, 8, 10], [1, 2, 3, 5, 8, 11], [1, 2, 3, 4, 7, 10], [4, 6, 9], [2, 3, 4, 8, 10], [2, 4, 5, 6, 8, 9, 10, 11], [4, 9], [3, 4, 8, 11]]"
477,"[[4, 5, 7, 8], [2, 4, 6, 7], [1, 2, 6, 9], [1, 2, 3, 7, 9], [1, 2, 5, 8, 10], [1, 3, 5, 6, 8, 9, 10], [3, 4, 5, 6, 7, 10], [2, 4, 8]]"
478,"[[3, 4, 6], [1, 10], [3, 4, 5, 8, 9], [4, 7, 9, 10], [1, 3, 4, 5, 6, 7, 9, 10, 11], [2, 3, 5, 8, 9, 11], [2, 3, 8, 9, 10], [1, 3, 5, 8, 10, 11]]"
479,"[[1, 4, 5, 7, 8, 9, 10], [8, 9, 11], [1, 2, 4, 5, 7, 8, 10], [2, 4, 5, 7, 8, 9, 10], [2, 4, 5, 7, 9, 11], [1, 2, 3, 6, 8, 10], [1, 2, 6], [1, 3, 4, 7, 10, 11]]"
480,"[[1, 4, 5, 7, 10], [2, 5, 8, 10, 11], [5, 7, 10, 11], [1, 2, 3, 5, 10], [4, 6, 9, 10], [2, 6, 8, 9], [2, 6, 7, 8, 9, 10, 11], [2, 4, 5, 7, 8, 11]]"
481,"[[1, 2, 3, 6, 7, 10, 11], [1, 3, 4, 5], [2, 3, 5, 7, 8], [5, 7, 10, 11], [1, 2, 8, 11], [1, 2, 3, 7, 8, 11], [1, 2, 6, 7, 8, 9], [3, 6, 8, 11]]"
482,"[[2, 4, 7, 10, 11], [2, 3, 4, 7], [1, 3, 4, 5, 7, 8, 9, 10], [1, 2, 5, 6, 7, 9], [1, 3, 6, 7, 10, 11], [2, 4, 5, 8, 9, 10], [1, 2, 3, 4, 10], [1, 3, 6, 8, 10, 11]]"
483,"[[1, 2, 4, 7, 10], [1, 2, 3, 6, 7, 10], [2, 6, 7, 10, 11], [3, 4, 6, 7], [1, 2, 4, 7, 8], [1, 4, 6, 7, 8, 9, 11], [2, 5, 6, 7, 10], [2, 6, 7, 8, 9, 11]]"
484,"[[1, 3, 6, 8, 9, 10, 11], [1, 2, 3, 5, 9, 11], [2, 3, 9, 11], [4, 5, 7, 8, 9, 10, 11], [3, 8, 9, 11], [1, 2, 3, 4, 8, 10], [1, 2, 3, 7, 8, 9, 10, 11], [3, 4, 6, 7, 8, 11]]"
485,"[[1, 3, 7, 8, 9, 10, 11], [3, 4, 6, 7, 8, 9, 11], [1, 2, 6, 8, 9], [1, 5, 6, 8, 9], [1, 3, 5, 7, 10, 11], [1, 3, 7, 9], [1, 5, 6, 7, 11], [1, 3, 4, 7, 11]]"
486,"[[3, 6, 10, 11], [2, 3, 6, 7, 8, 9], [1, 2, 4, 10], [2, 3, 7, 10], [1, 2, 3, 4, 8, 9, 10], [2, 7, 10], [3, 6, 7, 8, 11], [1, 2, 3, 5, 6, 7, 8, 9]]"
487,"[[1, 2, 3, 4, 6, 7], [3, 6, 7, 8, 10], [3, 5, 7, 8, 9], [1, 5, 6, 7, 8, 9, 10, 11], [3, 4, 6, 8, 9], [1, 2, 3, 7, 8, 10, 11], [6, 7, 8, 9, 11], [5, 6, 8]]"
488,"[[2, 4, 5, 6, 8, 11], [1, 3, 4, 6, 7, 9, 11], [1, 2, 6, 7, 8, 9], [1, 2, 3, 5], [1, 2, 3, 4, 5, 7, 11], [1, 5, 7, 9, 10, 11], [1, 3, 4, 5, 6, 7, 8, 9, 11], [1, 4, 5, 6, 8, 11]]"
489,"[[4, 7, 8, 9, 11], [1, 5, 7, 9, 10, 11], [1, 5, 6, 11], [2, 6, 7, 11], [3, 4], [1, 4, 5, 7, 10], [1, 3, 4, 5, 6, 8, 9, 11], [2, 3, 5, 7, 8, 10, 11]]"
490,"[[1, 6, 9, 10], [1, 4, 5, 6, 7, 8, 9, 11], [2, 5, 6, 7, 9, 10], [1, 3, 5, 6, 7, 9, 10], [1, 2, 3, 4, 5, 6, 7, 8, 11], [3, 7, 10, 11], [1, 2, 5, 6, 7], [2, 5, 6, 7, 8, 9, 10, 11]]"
491,"[[2, 4, 8, 9, 10, 11], [1, 2, 3, 4, 8, 9, 11], [1, 8, 9, 10], [2, 3, 4, 5, 6, 7, 9], [1, 2, 3, 4, 7, 8, 9], [3, 4, 5, 6, 7, 9, 10], [1, 2, 4, 7, 10, 11], [4, 5, 6, 7, 8, 10]]"
492,"[[2, 4, 5, 6, 8, 9], [3, 4, 5, 7, 8, 11], [5, 10], [1, 2, 7, 8, 9, 11], [1, 3, 6, 7, 9, 10, 11], [1, 4, 5, 6, 8, 9], [1, 2, 3, 4, 5, 9], [2, 3, 4, 5, 8, 9, 10]]"
493,"[[5, 8, 9], [1, 3, 4, 5, 6, 7], [2, 3, 4, 7, 8, 10], [2, 3, 4, 7, 8, 9, 11], [3, 4, 6, 9, 10, 11], [2, 5, 6, 7, 8, 10, 11], [1, 2, 8, 10, 11], [1, 3, 4, 6, 10]]"
494,"[[1, 2, 4, 5, 10, 11], [4, 5, 6, 7, 8, 9, 10], [7, 8, 10, 11], [1, 2, 3, 4, 5, 7, 8, 9, 11], [8, 11], [2, 3, 4, 5, 6, 10, 11], [2, 7, 8, 10], [1, 3, 6, 9, 10]]"
495,"[[1, 2, 3, 6, 8, 9], [1, 2, 3, 4, 5, 10, 11], [1, 3, 4, 5, 8, 9], [2, 3, 4, 5, 7, 8, 9], [1, 3, 5, 7, 10, 11], [1, 4, 8, 10], [1, 3, 4, 5, 6, 8, 9, 10, 11], [1, 4, 5, 8, 9, 10, 11]]"
496,"[[1, 2, 3, 6, 7, 8], [2, 3, 5, 7, 10, 11], [1, 3, 9, 11], [4, 7, 8, 11], [1, 7, 9, 10], [3, 4, 7, 9, 11], [2, 3, 6, 7, 8, 11], [2, 3, 5]]"
497,"[[4, 7, 8, 9, 10], [1, 3, 4, 5, 6, 9, 10, 11], [4, 7, 8, 10], [2, 5, 7, 8, 9, 11], [3, 4, 5, 10], [1, 2, 3, 4, 6, 7, 8, 10, 11], [3, 4, 5, 6, 7, 8, 9, 10], [7, 9, 11]]"
498,"[[1, 3, 4, 5, 7, 8, 9], [2, 3, 4, 5, 7, 9, 10, 11], [2, 5, 6, 8, 10], [1, 4, 5, 7, 9, 10], [2, 3, 4, 9, 10, 11], [6, 7, 9, 10, 11], [2, 3, 4, 5, 6, 7, 8, 9, 11], [1, 2, 3, 8, 10]]"
499,"[[1, 8, 10], [1, 2, 3, 4, 5, 7, 8, 9, 10, 11], [1, 2, 4, 5, 6], [1, 4, 5, 6, 8, 11], [1, 3, 6, 7, 8, 9], [3, 7, 8, 10], [1, 3, 4, 5, 9, 10, 11], [1, 2, 3, 4, 5, 7, 8, 11]]"
